keyword,category,industry,source_sheets,search_intent,funnel_stage,primary_or_secondary,target_url,target_page_type,content_type,cluster,seasonality,priority,cannibalization_risk,status,reason
AI employee welcome kit,All,AI / Tech Startups,SEO Keywords,employee gifting,bottom,supporting,/industries/it-software-saas,industry-landing,landing page copy,industries,evergreen,3,low,targeted,Industry-tagged term supported by the AI / Tech Startups content on /industries/it-software-saas.
AI startup corporate gifts,All,AI / Tech Startups,SEO Keywords,industry-specific,middle,supporting,/industries/it-software-saas,industry-landing,landing page copy,industries,evergreen,3,low,targeted,Industry-tagged term supported by the AI / Tech Startups content on /industries/it-software-saas.
AI startup onboarding kit,All,AI / Tech Startups,SEO Keywords,employee gifting,bottom,supporting,/industries/it-software-saas,industry-landing,landing page copy,industries,evergreen,3,low,targeted,Industry-tagged term supported by the AI / Tech Startups content on /industries/it-software-saas.
AI team gifts,All,AI / Tech Startups,SEO Keywords,industry-specific,middle,supporting,/industries/it-software-saas,industry-landing,landing page copy,industries,evergreen,3,low,targeted,Industry-tagged term supported by the AI / Tech Startups content on /industries/it-software-saas.
startup employee welcome kit,All,AI / Tech Startups,SEO Keywords,employee gifting,bottom,secondary,/industries/it-software-saas,industry-landing,landing page copy,industries,evergreen,2,none,targeted,Declared secondary keyword of /industries/it-software-saas.
tech startup joining kit,All,AI / Tech Startups,SEO Keywords,employee gifting,bottom,supporting,/industries/it-software-saas,industry-landing,landing page copy,industries,evergreen,3,low,targeted,Industry-tagged term supported by the AI / Tech Startups content on /industries/it-software-saas.
technology company gifts,All,AI / Tech Startups,SEO Keywords,industry-specific,middle,supporting,/industries/it-software-saas,industry-landing,landing page copy,industries,evergreen,3,low,targeted,Industry-tagged term supported by the AI / Tech Startups content on /industries/it-software-saas.
Christmas corporate gifts,All,All,SEO Keywords,seasonal,bottom,secondary,/occasions/festive-corporate-gifting,seasonal-landing,landing page copy,occasions,seasonal,2,none,targeted,Declared secondary keyword of /occasions/festive-corporate-gifting.
Diwali corporate gifts,All,All,SEO Keywords,seasonal,bottom,primary,/occasions/diwali-corporate-gifts,seasonal-landing,landing page copy,occasions,seasonal,1,none,targeted,Declared primary keyword of /occasions/diwali-corporate-gifts.
New Year corporate gifts,All,All,SEO Keywords,seasonal,bottom,primary,/occasions/new-year-corporate-gifts,seasonal-landing,landing page copy,occasions,seasonal,1,none,targeted,Declared primary keyword of /occasions/new-year-corporate-gifts.
best corporate gifts,All,All,SEO Keywords,informational,top,supporting,/guides/corporate-gifting-guide,guide,buying guide,guides,evergreen,3,low,targeted,Research intent served by the guides tier rather than a commercial page.
branded corporate gifts,All,All,SEO Keywords,commercial investigation,middle,supporting,/,homepage,homepage copy,brand,evergreen,2,medium,targeted,"Broad brand-level commercial term. Owned by the homepage by design -- category and product pages deliberately do not compete for head terms, they link upward to them."
bulk corporate gifts,All,All,SEO Keywords,bulk purchase,bottom,primary,/gifting/bulk-corporate-gifting,use-case-landing,landing page copy,gifting,evergreen,1,none,targeted,Declared primary keyword of /gifting/bulk-corporate-gifting.
business appreciation gifts,All,All,SEO Keywords,commercial investigation,middle,secondary,/gifting/client-appreciation,use-case-landing,landing page copy,gifting,evergreen,2,none,targeted,Declared secondary keyword of /gifting/client-appreciation.
client appreciation gifts,All,All,SEO Keywords,client gifting,bottom,primary,/products/client-appreciation-desk-set,product,landing page copy,products,evergreen,1,none,targeted,Declared primary keyword of /products/client-appreciation-desk-set.
company gifts for employees,All,All,SEO Keywords,commercial investigation,middle,supporting,/shop,listing,product listing,shop,evergreen,4,low,targeted,Generic browse term with no more specific owner; served by the full catalog listing.
company joining kit,All,All,SEO Keywords,employee gifting,bottom,supporting,/gifting/employee-onboarding,use-case-landing,landing page copy,gifting,evergreen,2,low,targeted,Occasion/programme intent served by /gifting/employee-onboarding.
corporate gift hampers,All,All,SEO Keywords,commercial investigation,middle,secondary,/occasions/festive-corporate-gifting,seasonal-landing,landing page copy,occasions,seasonal,2,none,targeted,Declared secondary keyword of /occasions/festive-corporate-gifting.
corporate gift ideas for clients,All,All,SEO Keywords,informational,top,primary,/guides/client-gifting-guide,guide,buying guide,guides,evergreen,1,none,targeted,Declared primary keyword of /guides/client-gifting-guide.
corporate gift ideas for employees,All,All,SEO Keywords,informational,top,primary,/guides/corporate-gifting-guide,guide,buying guide,guides,evergreen,1,none,targeted,Declared primary keyword of /guides/corporate-gifting-guide.
corporate gift manufacturer India,All,All,SEO Keywords,commercial investigation,middle,supporting,/,homepage,homepage copy,brand,evergreen,2,medium,targeted,"Broad brand-level commercial term. Owned by the homepage by design -- category and product pages deliberately do not compete for head terms, they link upward to them."
corporate gift supplier,All,All,SEO Keywords,commercial investigation,middle,supporting,/,homepage,homepage copy,brand,evergreen,2,medium,targeted,"Broad brand-level commercial term. Owned by the homepage by design -- category and product pages deliberately do not compete for head terms, they link upward to them."
corporate gifting India,All,All,SEO Keywords,commercial investigation,middle,supporting,/,homepage,homepage copy,brand,evergreen,2,medium,targeted,"Broad brand-level commercial term. Owned by the homepage by design -- category and product pages deliberately do not compete for head terms, they link upward to them."
corporate gifting company,All,All,SEO Keywords,commercial investigation,middle,supporting,/,homepage,homepage copy,brand,evergreen,2,medium,targeted,"Broad brand-level commercial term. Owned by the homepage by design -- category and product pages deliberately do not compete for head terms, they link upward to them."
corporate gifting solutions,All,All,SEO Keywords,commercial investigation,middle,secondary,/guides/corporate-gifting-guide,guide,buying guide,guides,evergreen,2,none,targeted,Declared secondary keyword of /guides/corporate-gifting-guide.
corporate gifts India,All,All,SEO Keywords,commercial investigation,middle,supporting,/,homepage,homepage copy,brand,evergreen,2,medium,targeted,"Broad brand-level commercial term. Owned by the homepage by design -- category and product pages deliberately do not compete for head terms, they link upward to them."
corporate gifts for annual events,All,All,SEO Keywords,event gifting,bottom,supporting,/gifting/events-conferences,use-case-landing,landing page copy,gifting,evergreen,2,low,targeted,Occasion/programme intent served by /gifting/events-conferences.
corporate gifts for clients,All,All,SEO Keywords,commercial investigation,bottom,primary,/gifting/client-appreciation,use-case-landing,landing page copy,gifting,evergreen,1,none,targeted,Declared primary keyword of /gifting/client-appreciation.
corporate gifts for conferences,All,All,SEO Keywords,event gifting,bottom,primary,/gifting/events-conferences,use-case-landing,landing page copy,gifting,evergreen,1,none,targeted,Declared primary keyword of /gifting/events-conferences.
corporate gifts for employees,All,All,SEO Keywords,commercial investigation,middle,supporting,/,homepage,homepage copy,brand,evergreen,2,medium,targeted,"Broad brand-level commercial term. Owned by the homepage by design -- category and product pages deliberately do not compete for head terms, they link upward to them."
corporate gifts for events,All,All,SEO Keywords,event gifting,bottom,supporting,/gifting/events-conferences,use-case-landing,landing page copy,gifting,evergreen,2,low,targeted,Occasion/programme intent served by /gifting/events-conferences.
corporate gifts for executives,All,All,SEO Keywords,executive gifting,bottom,primary,/gifting/executive-leadership,use-case-landing,landing page copy,gifting,evergreen,1,none,targeted,Declared primary keyword of /gifting/executive-leadership.
corporate gifts for leadership,All,All,SEO Keywords,executive gifting,bottom,secondary,/gifting/executive-leadership,use-case-landing,landing page copy,gifting,evergreen,2,none,targeted,Declared secondary keyword of /gifting/executive-leadership.
corporate gifts for new employees,All,All,SEO Keywords,commercial investigation,middle,supporting,/,homepage,homepage copy,brand,evergreen,2,medium,targeted,"Broad brand-level commercial term. Owned by the homepage by design -- category and product pages deliberately do not compete for head terms, they link upward to them."
corporate gifts for seminars,All,All,SEO Keywords,event gifting,bottom,supporting,/gifting/events-conferences,use-case-landing,landing page copy,gifting,evergreen,2,low,targeted,Occasion/programme intent served by /gifting/events-conferences.
corporate gifts for staff,All,All,SEO Keywords,commercial investigation,middle,supporting,/,homepage,homepage copy,brand,evergreen,2,medium,targeted,"Broad brand-level commercial term. Owned by the homepage by design -- category and product pages deliberately do not compete for head terms, they link upward to them."
corporate gifts for teams,All,All,SEO Keywords,commercial investigation,middle,supporting,/,homepage,homepage copy,brand,evergreen,2,medium,targeted,"Broad brand-level commercial term. Owned by the homepage by design -- category and product pages deliberately do not compete for head terms, they link upward to them."
corporate gifts online India,All,All,SEO Keywords,commercial investigation,middle,supporting,/,homepage,homepage copy,brand,evergreen,2,medium,targeted,"Broad brand-level commercial term. Owned by the homepage by design -- category and product pages deliberately do not compete for head terms, they link upward to them."
corporate gifts wholesale,All,All,SEO Keywords,bulk purchase,bottom,secondary,/gifting/bulk-corporate-gifting,use-case-landing,landing page copy,gifting,evergreen,2,none,targeted,Declared secondary keyword of /gifting/bulk-corporate-gifting.
corporate induction kit,All,All,SEO Keywords,employee gifting,bottom,supporting,/gifting/employee-onboarding,use-case-landing,landing page copy,gifting,evergreen,2,low,targeted,Occasion/programme intent served by /gifting/employee-onboarding.
corporate joining kit,All,All,SEO Keywords,employee gifting,bottom,secondary,/categories/joining-gifts,category,landing page copy,categories,evergreen,2,none,targeted,Declared secondary keyword of /categories/joining-gifts.
corporate onboarding kit,All,All,SEO Keywords,employee gifting,bottom,secondary,/gifting/employee-onboarding,use-case-landing,landing page copy,gifting,evergreen,2,none,targeted,Declared secondary keyword of /gifting/employee-onboarding.
custom corporate gifts,All,All,SEO Keywords,product-specific,middle,supporting,/,homepage,homepage copy,brand,evergreen,2,medium,targeted,"Broad brand-level commercial term. Owned by the homepage by design -- category and product pages deliberately do not compete for head terms, they link upward to them."
customized corporate gifts India,All,All,SEO Keywords,product-specific,middle,supporting,/,homepage,homepage copy,brand,evergreen,2,medium,targeted,"Broad brand-level commercial term. Owned by the homepage by design -- category and product pages deliberately do not compete for head terms, they link upward to them."
employee appreciation gifts,All,All,SEO Keywords,commercial investigation,bottom,primary,/gifting/employee-appreciation,use-case-landing,landing page copy,gifting,evergreen,1,none,targeted,Declared primary keyword of /gifting/employee-appreciation.
employee engagement gifts,All,All,SEO Keywords,commercial investigation,middle,secondary,/gifting/employee-appreciation,use-case-landing,landing page copy,gifting,evergreen,2,none,targeted,Declared secondary keyword of /gifting/employee-appreciation.
employee induction kit,All,All,SEO Keywords,employee gifting,bottom,secondary,/categories/joining-gifts,category,landing page copy,categories,evergreen,2,none,targeted,Declared secondary keyword of /categories/joining-gifts.
employee joining kit,All,All,SEO Keywords,employee gifting,bottom,supporting,/gifting/employee-onboarding,use-case-landing,landing page copy,gifting,evergreen,2,low,targeted,Occasion/programme intent served by /gifting/employee-onboarding.
employee joining kit India,All,All,SEO Keywords,employee gifting,bottom,supporting,/gifting/employee-onboarding,use-case-landing,landing page copy,gifting,evergreen,2,low,targeted,Occasion/programme intent served by /gifting/employee-onboarding.
employee onboarding gifts,All,All,SEO Keywords,employee gifting,bottom,primary,/gifting/employee-onboarding,use-case-landing,landing page copy,gifting,evergreen,1,none,targeted,Declared primary keyword of /gifting/employee-onboarding.
employee onboarding kit,All,All,SEO Keywords,employee gifting,bottom,primary,/products/executive-onboarding-essentials-set,product,landing page copy,products,evergreen,1,none,targeted,Declared primary keyword of /products/executive-onboarding-essentials-set.
employee onboarding kit India,All,All,SEO Keywords,employee gifting,bottom,supporting,/gifting/employee-onboarding,use-case-landing,landing page copy,gifting,evergreen,2,low,targeted,Occasion/programme intent served by /gifting/employee-onboarding.
employee recognition gifts,All,All,SEO Keywords,commercial investigation,middle,secondary,/gifting/employee-appreciation,use-case-landing,landing page copy,gifting,evergreen,2,none,targeted,Declared secondary keyword of /gifting/employee-appreciation.
employee starter kit,All,All,SEO Keywords,product-specific,bottom,secondary,/categories/joining-gifts,category,landing page copy,categories,evergreen,2,none,targeted,Declared secondary keyword of /categories/joining-gifts.
employee welcome gifts,All,All,SEO Keywords,commercial investigation,middle,supporting,/shop,listing,product listing,shop,evergreen,4,low,targeted,Generic browse term with no more specific owner; served by the full catalog listing.
employee welcome kit,All,All,SEO Keywords,employee gifting,bottom,primary,/categories/joining-gifts,category,landing page copy,categories,evergreen,1,none,targeted,Declared primary keyword of /categories/joining-gifts.
festival corporate gifts India,All,All,SEO Keywords,seasonal,bottom,secondary,/occasions/diwali-corporate-gifts,seasonal-landing,landing page copy,occasions,seasonal,2,none,targeted,Declared secondary keyword of /occasions/diwali-corporate-gifts.
festive corporate gifting,All,All,SEO Keywords,seasonal,bottom,primary,/occasions/festive-corporate-gifting,seasonal-landing,landing page copy,occasions,seasonal,1,none,targeted,Declared primary keyword of /occasions/festive-corporate-gifting.
luxury corporate gifting,All,All,SEO Keywords,commercial investigation,middle,supporting,/categories/luxury-gifts,category,category page copy,luxury-gifts,evergreen,2,low,targeted,Cluster-level variation supported by the category page /categories/luxury-gifts.
new hire kit India,All,All,SEO Keywords,employee gifting,bottom,supporting,/gifting/employee-onboarding,use-case-landing,landing page copy,gifting,evergreen,2,low,targeted,Occasion/programme intent served by /gifting/employee-onboarding.
new hire welcome kit,All,All,SEO Keywords,employee gifting,bottom,secondary,/products/executive-onboarding-essentials-set,product,landing page copy,products,evergreen,2,none,targeted,Declared secondary keyword of /products/executive-onboarding-essentials-set.
new joinee kit,All,All,SEO Keywords,employee gifting,bottom,secondary,/categories/joining-gifts,category,landing page copy,categories,evergreen,2,none,targeted,Declared secondary keyword of /categories/joining-gifts.
new joinee welcome kit,All,All,SEO Keywords,employee gifting,bottom,supporting,/gifting/employee-onboarding,use-case-landing,landing page copy,gifting,evergreen,2,low,targeted,Occasion/programme intent served by /gifting/employee-onboarding.
office gifting ideas,All,All,SEO Keywords,informational,top,secondary,/guides/corporate-gifting-guide,guide,buying guide,guides,evergreen,2,none,targeted,Declared secondary keyword of /guides/corporate-gifting-guide.
office joining kit,All,All,SEO Keywords,employee gifting,bottom,supporting,/gifting/employee-onboarding,use-case-landing,landing page copy,gifting,evergreen,2,low,targeted,Occasion/programme intent served by /gifting/employee-onboarding.
personalized corporate gifts,All,All,SEO Keywords,product-specific,middle,supporting,/,homepage,homepage copy,brand,evergreen,2,medium,targeted,"Broad brand-level commercial term. Owned by the homepage by design -- category and product pages deliberately do not compete for head terms, they link upward to them."
premium corporate gifting,All,All,SEO Keywords,commercial investigation,middle,supporting,/categories/premium-gifts,category,category page copy,premium-gifts,evergreen,2,low,targeted,Cluster-level variation supported by the category page /categories/premium-gifts.
sustainable corporate gifting,All,All,SEO Keywords,sustainability,middle,secondary,/guides/eco-friendly-corporate-gifting,guide,buying guide,guides,evergreen,2,none,targeted,Declared secondary keyword of /guides/eco-friendly-corporate-gifting.
welcome kit for employees,All,All,SEO Keywords,employee gifting,bottom,supporting,/gifting/employee-onboarding,use-case-landing,landing page copy,gifting,evergreen,2,low,targeted,Occasion/programme intent served by /gifting/employee-onboarding.
work from office welcome kit,All,All,SEO Keywords,employee gifting,bottom,supporting,/gifting/employee-onboarding,use-case-landing,landing page copy,gifting,evergreen,2,low,targeted,Occasion/programme intent served by /gifting/employee-onboarding.
workplace welcome kit,All,All,SEO Keywords,employee gifting,bottom,supporting,/gifting/employee-onboarding,use-case-landing,landing page copy,gifting,evergreen,2,low,targeted,Occasion/programme intent served by /gifting/employee-onboarding.
auto company welcome kit,All,Automotive,SEO Keywords,employee gifting,bottom,supporting,/industries,hub,hub page copy,industries,evergreen,4,low,consolidated,"Automotive has too few genuinely distinct keywords to fill a non-duplicative page, so it is covered in the 'Sectors covered without a dedicated page' section of /industries and routed to the matching use-case page. A page per industry tag here would be doorway-page behaviour."
automotive client gifts,All,Automotive,SEO Keywords,client gifting,none,none,,none,none,excluded,evergreen,4,none,not-targeted,Machine-generated concatenation of the industry label and a generic term (retains the source spreadsheet's ' / ' separator). Not a phrase anyone types into a search engine; targeting it would produce copy no reader benefits from.
automotive corporate gifts,All,Automotive,SEO Keywords,industry-specific,none,none,,none,none,excluded,evergreen,4,none,not-targeted,Machine-generated concatenation of the industry label and a generic term (retains the source spreadsheet's ' / ' separator). Not a phrase anyone types into a search engine; targeting it would produce copy no reader benefits from.
automotive employee gifts,All,Automotive,SEO Keywords,industry-specific,none,none,,none,none,excluded,evergreen,4,none,not-targeted,Machine-generated concatenation of the industry label and a generic term (retains the source spreadsheet's ' / ' separator). Not a phrase anyone types into a search engine; targeting it would produce copy no reader benefits from.
automotive joining kit,All,Automotive,SEO Keywords,employee gifting,none,none,,none,none,excluded,evergreen,4,none,not-targeted,Machine-generated concatenation of the industry label and a generic term (retains the source spreadsheet's ' / ' separator). Not a phrase anyone types into a search engine; targeting it would produce copy no reader benefits from.
automotive onboarding kit,All,Automotive,SEO Keywords,employee gifting,none,none,,none,none,excluded,evergreen,4,none,not-targeted,Machine-generated concatenation of the industry label and a generic term (retains the source spreadsheet's ' / ' separator). Not a phrase anyone types into a search engine; targeting it would produce copy no reader benefits from.
automotive team gifts,All,Automotive,SEO Keywords,industry-specific,none,none,,none,none,excluded,evergreen,4,none,not-targeted,Machine-generated concatenation of the industry label and a generic term (retains the source spreadsheet's ' / ' separator). Not a phrase anyone types into a search engine; targeting it would produce copy no reader benefits from.
BFSI corporate gifts,All,BFSI / Insurance,SEO Keywords,industry-specific,bottom,primary,/industries/bfsi-banking-insurance,industry-landing,landing page copy,industries,evergreen,1,none,targeted,Declared primary keyword of /industries/bfsi-banking-insurance.
BFSI employee welcome kit,All,BFSI / Insurance,SEO Keywords,employee gifting,bottom,supporting,/industries/bfsi-banking-insurance,industry-landing,landing page copy,industries,evergreen,3,low,targeted,Industry-tagged term supported by the BFSI / Insurance content on /industries/bfsi-banking-insurance.
financial services corporate gifts,All,BFSI / Insurance,SEO Keywords,industry-specific,middle,secondary,/industries/bfsi-banking-insurance,industry-landing,landing page copy,industries,evergreen,2,none,targeted,Declared secondary keyword of /industries/bfsi-banking-insurance.
insurance client gifts,All,BFSI / Insurance,SEO Keywords,client gifting,bottom,secondary,/industries/bfsi-banking-insurance,industry-landing,landing page copy,industries,evergreen,2,none,targeted,Declared secondary keyword of /industries/bfsi-banking-insurance.
insurance employee gifts,All,BFSI / Insurance,SEO Keywords,industry-specific,middle,supporting,/industries/bfsi-banking-insurance,industry-landing,landing page copy,industries,evergreen,3,low,targeted,Industry-tagged term supported by the BFSI / Insurance content on /industries/bfsi-banking-insurance.
insurance joining kit,All,BFSI / Insurance,SEO Keywords,employee gifting,bottom,secondary,/industries/bfsi-banking-insurance,industry-landing,landing page copy,industries,evergreen,2,none,targeted,Declared secondary keyword of /industries/bfsi-banking-insurance.
insurance onboarding kit,All,BFSI / Insurance,SEO Keywords,employee gifting,bottom,supporting,/industries/bfsi-banking-insurance,industry-landing,landing page copy,industries,evergreen,3,low,targeted,Industry-tagged term supported by the BFSI / Insurance content on /industries/bfsi-banking-insurance.
bank client gifts,All,Banking,SEO Keywords,client gifting,bottom,supporting,/industries/bfsi-banking-insurance,industry-landing,landing page copy,industries,evergreen,3,low,targeted,Industry-tagged term supported by the Banking content on /industries/bfsi-banking-insurance.
bank employee gifts,All,Banking,SEO Keywords,industry-specific,middle,supporting,/industries/bfsi-banking-insurance,industry-landing,landing page copy,industries,evergreen,3,low,targeted,Industry-tagged term supported by the Banking content on /industries/bfsi-banking-insurance.
bank employee welcome kit,All,Banking,SEO Keywords,employee gifting,bottom,secondary,/industries/bfsi-banking-insurance,industry-landing,landing page copy,industries,evergreen,2,none,targeted,Declared secondary keyword of /industries/bfsi-banking-insurance.
bank joining kit,All,Banking,SEO Keywords,employee gifting,bottom,supporting,/industries/bfsi-banking-insurance,industry-landing,landing page copy,industries,evergreen,3,low,targeted,Industry-tagged term supported by the Banking content on /industries/bfsi-banking-insurance.
banking corporate gifts,All,Banking,SEO Keywords,industry-specific,middle,secondary,/industries/bfsi-banking-insurance,industry-landing,landing page copy,industries,evergreen,2,none,targeted,Declared secondary keyword of /industries/bfsi-banking-insurance.
banking executive gifts,All,Banking,SEO Keywords,executive gifting,bottom,secondary,/industries/bfsi-banking-insurance,industry-landing,landing page copy,industries,evergreen,2,none,targeted,Declared secondary keyword of /industries/bfsi-banking-insurance.
banking onboarding kit,All,Banking,SEO Keywords,employee gifting,none,none,,none,none,excluded,evergreen,4,none,not-targeted,Machine-generated concatenation of the industry label and a generic term (retains the source spreadsheet's ' / ' separator). Not a phrase anyone types into a search engine; targeting it would produce copy no reader benefits from.
coaching company gifts,All,Coaching / EdTech,SEO Keywords,industry-specific,middle,supporting,/industries/education-edtech,industry-landing,landing page copy,industries,evergreen,3,low,targeted,Industry-tagged term supported by the Coaching / EdTech content on /industries/education-edtech.
coaching team gifts,All,Coaching / EdTech,SEO Keywords,industry-specific,middle,supporting,/industries/education-edtech,industry-landing,landing page copy,industries,evergreen,3,low,targeted,Industry-tagged term supported by the Coaching / EdTech content on /industries/education-edtech.
edtech corporate gifts,All,Coaching / EdTech,SEO Keywords,industry-specific,middle,secondary,/industries/education-edtech,industry-landing,landing page copy,industries,evergreen,2,none,targeted,Declared secondary keyword of /industries/education-edtech.
edtech employee welcome kit,All,Coaching / EdTech,SEO Keywords,employee gifting,bottom,secondary,/industries/education-edtech,industry-landing,landing page copy,industries,evergreen,2,none,targeted,Declared secondary keyword of /industries/education-edtech.
edtech joining kit,All,Coaching / EdTech,SEO Keywords,employee gifting,bottom,supporting,/industries/education-edtech,industry-landing,landing page copy,industries,evergreen,3,low,targeted,Industry-tagged term supported by the Coaching / EdTech content on /industries/education-edtech.
edtech onboarding kit,All,Coaching / EdTech,SEO Keywords,employee gifting,bottom,supporting,/industries/education-edtech,industry-landing,landing page copy,industries,evergreen,3,low,targeted,Industry-tagged term supported by the Coaching / EdTech content on /industries/education-edtech.
education startup gifts,All,Coaching / EdTech,SEO Keywords,industry-specific,middle,supporting,/industries/education-edtech,industry-landing,landing page copy,industries,evergreen,3,low,targeted,Industry-tagged term supported by the Coaching / EdTech content on /industries/education-edtech.
construction client gifts,All,Construction / Infrastructure,SEO Keywords,client gifting,bottom,supporting,/industries,hub,hub page copy,industries,evergreen,4,low,consolidated,"Construction / Infrastructure has too few genuinely distinct keywords to fill a non-duplicative page, so it is covered in the 'Sectors covered without a dedicated page' section of /industries and routed to the matching use-case page. A page per industry tag here would be doorway-page behaviour."
construction corporate gifts,All,Construction / Infrastructure,SEO Keywords,industry-specific,middle,supporting,/industries,hub,hub page copy,industries,evergreen,4,low,consolidated,"Construction / Infrastructure has too few genuinely distinct keywords to fill a non-duplicative page, so it is covered in the 'Sectors covered without a dedicated page' section of /industries and routed to the matching use-case page. A page per industry tag here would be doorway-page behaviour."
construction employee gifts,All,Construction / Infrastructure,SEO Keywords,industry-specific,middle,supporting,/industries,hub,hub page copy,industries,evergreen,4,low,consolidated,"Construction / Infrastructure has too few genuinely distinct keywords to fill a non-duplicative page, so it is covered in the 'Sectors covered without a dedicated page' section of /industries and routed to the matching use-case page. A page per industry tag here would be doorway-page behaviour."
construction joining kit,All,Construction / Infrastructure,SEO Keywords,employee gifting,bottom,supporting,/industries,hub,hub page copy,industries,evergreen,4,low,consolidated,"Construction / Infrastructure has too few genuinely distinct keywords to fill a non-duplicative page, so it is covered in the 'Sectors covered without a dedicated page' section of /industries and routed to the matching use-case page. A page per industry tag here would be doorway-page behaviour."
construction onboarding kit,All,Construction / Infrastructure,SEO Keywords,employee gifting,bottom,supporting,/industries,hub,hub page copy,industries,evergreen,4,low,consolidated,"Construction / Infrastructure has too few genuinely distinct keywords to fill a non-duplicative page, so it is covered in the 'Sectors covered without a dedicated page' section of /industries and routed to the matching use-case page. A page per industry tag here would be doorway-page behaviour."
infrastructure employee welcome kit,All,Construction / Infrastructure,SEO Keywords,employee gifting,bottom,supporting,/industries,hub,hub page copy,industries,evergreen,4,low,consolidated,"Construction / Infrastructure has too few genuinely distinct keywords to fill a non-duplicative page, so it is covered in the 'Sectors covered without a dedicated page' section of /industries and routed to the matching use-case page. A page per industry tag here would be doorway-page behaviour."
project team gifts,All,Construction / Infrastructure,SEO Keywords,industry-specific,middle,supporting,/industries,hub,hub page copy,industries,evergreen,4,low,consolidated,"Construction / Infrastructure has too few genuinely distinct keywords to fill a non-duplicative page, so it is covered in the 'Sectors covered without a dedicated page' section of /industries and routed to the matching use-case page. A page per industry tag here would be doorway-page behaviour."
consulting client gifts,All,Consulting,SEO Keywords,client gifting,bottom,secondary,/industries/consulting,industry-landing,landing page copy,industries,evergreen,2,none,targeted,Declared secondary keyword of /industries/consulting.
consulting corporate gifts,All,Consulting,SEO Keywords,industry-specific,bottom,primary,/industries/consulting,industry-landing,landing page copy,industries,evergreen,1,none,targeted,Declared primary keyword of /industries/consulting.
consulting employee welcome kit,All,Consulting,SEO Keywords,employee gifting,bottom,secondary,/industries/consulting,industry-landing,landing page copy,industries,evergreen,2,none,targeted,Declared secondary keyword of /industries/consulting.
consulting joining kit,All,Consulting,SEO Keywords,employee gifting,none,none,,none,none,excluded,evergreen,4,none,not-targeted,Machine-generated concatenation of the industry label and a generic term (retains the source spreadsheet's ' / ' separator). Not a phrase anyone types into a search engine; targeting it would produce copy no reader benefits from.
consulting onboarding kit,All,Consulting,SEO Keywords,employee gifting,none,none,,none,none,excluded,evergreen,4,none,not-targeted,Machine-generated concatenation of the industry label and a generic term (retains the source spreadsheet's ' / ' separator). Not a phrase anyone types into a search engine; targeting it would produce copy no reader benefits from.
consulting team gifts,All,Consulting,SEO Keywords,industry-specific,none,none,,none,none,excluded,evergreen,4,none,not-targeted,Machine-generated concatenation of the industry label and a generic term (retains the source spreadsheet's ' / ' separator). Not a phrase anyone types into a search engine; targeting it would produce copy no reader benefits from.
executive consulting gifts,All,Consulting,SEO Keywords,executive gifting,bottom,secondary,/industries/consulting,industry-landing,landing page copy,industries,evergreen,2,none,targeted,Declared secondary keyword of /industries/consulting.
coworking client gifts,All,Coworking,SEO Keywords,client gifting,none,none,,none,none,excluded,evergreen,4,none,not-targeted,Machine-generated concatenation of the industry label and a generic term (retains the source spreadsheet's ' / ' separator). Not a phrase anyone types into a search engine; targeting it would produce copy no reader benefits from.
coworking corporate gifts,All,Coworking,SEO Keywords,industry-specific,none,none,,none,none,excluded,evergreen,4,none,not-targeted,Machine-generated concatenation of the industry label and a generic term (retains the source spreadsheet's ' / ' separator). Not a phrase anyone types into a search engine; targeting it would produce copy no reader benefits from.
coworking member welcome kit,All,Coworking,SEO Keywords,employee gifting,none,none,,none,none,excluded,evergreen,4,none,not-targeted,Machine-generated concatenation of the industry label and a generic term (retains the source spreadsheet's ' / ' separator). Not a phrase anyone types into a search engine; targeting it would produce copy no reader benefits from.
coworking onboarding gifts,All,Coworking,SEO Keywords,employee gifting,none,none,,none,none,excluded,evergreen,4,none,not-targeted,Machine-generated concatenation of the industry label and a generic term (retains the source spreadsheet's ' / ' separator). Not a phrase anyone types into a search engine; targeting it would produce copy no reader benefits from.
coworking welcome kit,All,Coworking,SEO Keywords,employee gifting,none,none,,none,none,excluded,evergreen,4,none,not-targeted,Machine-generated concatenation of the industry label and a generic term (retains the source spreadsheet's ' / ' separator). Not a phrase anyone types into a search engine; targeting it would produce copy no reader benefits from.
office welcome kits,All,Coworking,SEO Keywords,employee gifting,bottom,supporting,/industries,hub,hub page copy,industries,evergreen,4,low,consolidated,"Coworking has too few genuinely distinct keywords to fill a non-duplicative page, so it is covered in the 'Sectors covered without a dedicated page' section of /industries and routed to the matching use-case page. A page per industry tag here would be doorway-page behaviour."
workspace corporate gifts,All,Coworking,SEO Keywords,industry-specific,middle,supporting,/industries,hub,hub page copy,industries,evergreen,4,low,consolidated,"Coworking has too few genuinely distinct keywords to fill a non-duplicative page, so it is covered in the 'Sectors covered without a dedicated page' section of /industries and routed to the matching use-case page. A page per industry tag here would be doorway-page behaviour."
ecommerce client gifts,All,E-commerce,SEO Keywords,client gifting,bottom,secondary,/industries/ecommerce-retail,industry-landing,landing page copy,industries,evergreen,2,none,targeted,Declared secondary keyword of /industries/ecommerce-retail.
ecommerce corporate gifts,All,E-commerce,SEO Keywords,industry-specific,bottom,primary,/industries/ecommerce-retail,industry-landing,landing page copy,industries,evergreen,1,none,targeted,Declared primary keyword of /industries/ecommerce-retail.
ecommerce employee gifts,All,E-commerce,SEO Keywords,industry-specific,middle,supporting,/industries/ecommerce-retail,industry-landing,landing page copy,industries,evergreen,3,low,targeted,Industry-tagged term supported by the E-commerce content on /industries/ecommerce-retail.
ecommerce employee welcome kit,All,E-commerce,SEO Keywords,employee gifting,bottom,secondary,/industries/ecommerce-retail,industry-landing,landing page copy,industries,evergreen,2,none,targeted,Declared secondary keyword of /industries/ecommerce-retail.
ecommerce joining kit,All,E-commerce,SEO Keywords,employee gifting,bottom,secondary,/industries/ecommerce-retail,industry-landing,landing page copy,industries,evergreen,2,none,targeted,Declared secondary keyword of /industries/ecommerce-retail.
ecommerce onboarding kit,All,E-commerce,SEO Keywords,employee gifting,bottom,supporting,/industries/ecommerce-retail,industry-landing,landing page copy,industries,evergreen,3,low,targeted,Industry-tagged term supported by the E-commerce content on /industries/ecommerce-retail.
ecommerce team gifts,All,E-commerce,SEO Keywords,industry-specific,middle,secondary,/industries/ecommerce-retail,industry-landing,landing page copy,industries,evergreen,2,none,targeted,Declared secondary keyword of /industries/ecommerce-retail.
education corporate gifts,All,Education,SEO Keywords,industry-specific,bottom,primary,/industries/education-edtech,industry-landing,landing page copy,industries,evergreen,1,none,targeted,Declared primary keyword of /industries/education-edtech.
education employee welcome kit,All,Education,SEO Keywords,employee gifting,none,none,,none,none,excluded,evergreen,4,none,not-targeted,Machine-generated concatenation of the industry label and a generic term (retains the source spreadsheet's ' / ' separator). Not a phrase anyone types into a search engine; targeting it would produce copy no reader benefits from.
education joining kit,All,Education,SEO Keywords,employee gifting,none,none,,none,none,excluded,evergreen,4,none,not-targeted,Machine-generated concatenation of the industry label and a generic term (retains the source spreadsheet's ' / ' separator). Not a phrase anyone types into a search engine; targeting it would produce copy no reader benefits from.
education onboarding kit,All,Education,SEO Keywords,employee gifting,none,none,,none,none,excluded,evergreen,4,none,not-targeted,Machine-generated concatenation of the industry label and a generic term (retains the source spreadsheet's ' / ' separator). Not a phrase anyone types into a search engine; targeting it would produce copy no reader benefits from.
school staff welcome kit,All,Education,SEO Keywords,employee gifting,bottom,secondary,/industries/education-edtech,industry-landing,landing page copy,industries,evergreen,2,none,targeted,Declared secondary keyword of /industries/education-edtech.
teacher employee gifts,All,Education,SEO Keywords,industry-specific,middle,secondary,/industries/education-edtech,industry-landing,landing page copy,industries,evergreen,2,none,targeted,Declared secondary keyword of /industries/education-edtech.
university employee gifts,All,Education,SEO Keywords,industry-specific,middle,secondary,/industries/education-edtech,industry-landing,landing page copy,industries,evergreen,2,none,targeted,Declared secondary keyword of /industries/education-edtech.
conference corporate gifts,All,Events / Conferences,SEO Keywords,event gifting,bottom,supporting,/industries,hub,hub page copy,industries,evergreen,4,low,consolidated,"Events / Conferences has too few genuinely distinct keywords to fill a non-duplicative page, so it is covered in the 'Sectors covered without a dedicated page' section of /industries and routed to the matching use-case page. A page per industry tag here would be doorway-page behaviour."
conference delegate kits,All,Events / Conferences,SEO Keywords,event gifting,bottom,supporting,/industries,hub,hub page copy,industries,evergreen,4,low,consolidated,"Events / Conferences has too few genuinely distinct keywords to fill a non-duplicative page, so it is covered in the 'Sectors covered without a dedicated page' section of /industries and routed to the matching use-case page. A page per industry tag here would be doorway-page behaviour."
conference welcome kits,All,Events / Conferences,SEO Keywords,employee gifting,bottom,secondary,/gifting/events-conferences,use-case-landing,landing page copy,gifting,evergreen,2,none,targeted,Declared secondary keyword of /gifting/events-conferences.
event attendee gift kits,All,Events / Conferences,SEO Keywords,event gifting,bottom,secondary,/gifting/events-conferences,use-case-landing,landing page copy,gifting,evergreen,2,none,targeted,Declared secondary keyword of /gifting/events-conferences.
event corporate gifting,All,Events / Conferences,SEO Keywords,event gifting,bottom,supporting,/industries,hub,hub page copy,industries,evergreen,4,low,consolidated,"Events / Conferences has too few genuinely distinct keywords to fill a non-duplicative page, so it is covered in the 'Sectors covered without a dedicated page' section of /industries and routed to the matching use-case page. A page per industry tag here would be doorway-page behaviour."
event employee gifts,All,Events / Conferences,SEO Keywords,event gifting,bottom,supporting,/industries,hub,hub page copy,industries,evergreen,4,low,consolidated,"Events / Conferences has too few genuinely distinct keywords to fill a non-duplicative page, so it is covered in the 'Sectors covered without a dedicated page' section of /industries and routed to the matching use-case page. A page per industry tag here would be doorway-page behaviour."
seminar gift kits,All,Events / Conferences,SEO Keywords,event gifting,bottom,secondary,/gifting/events-conferences,use-case-landing,landing page copy,gifting,evergreen,2,none,targeted,Declared secondary keyword of /gifting/events-conferences.
executive finance gifts,All,Finance / Investment,SEO Keywords,executive gifting,bottom,supporting,/industries/bfsi-banking-insurance,industry-landing,landing page copy,industries,evergreen,3,low,targeted,Industry-tagged term supported by the Finance / Investment content on /industries/bfsi-banking-insurance.
finance client gifts,All,Finance / Investment,SEO Keywords,client gifting,bottom,supporting,/industries/bfsi-banking-insurance,industry-landing,landing page copy,industries,evergreen,3,low,targeted,Industry-tagged term supported by the Finance / Investment content on /industries/bfsi-banking-insurance.
finance corporate gifts,All,Finance / Investment,SEO Keywords,industry-specific,middle,supporting,/industries/bfsi-banking-insurance,industry-landing,landing page copy,industries,evergreen,3,low,targeted,Industry-tagged term supported by the Finance / Investment content on /industries/bfsi-banking-insurance.
finance employee welcome kit,All,Finance / Investment,SEO Keywords,employee gifting,bottom,supporting,/industries/bfsi-banking-insurance,industry-landing,landing page copy,industries,evergreen,3,low,targeted,Industry-tagged term supported by the Finance / Investment content on /industries/bfsi-banking-insurance.
finance joining kit,All,Finance / Investment,SEO Keywords,employee gifting,bottom,supporting,/industries/bfsi-banking-insurance,industry-landing,landing page copy,industries,evergreen,3,low,targeted,Industry-tagged term supported by the Finance / Investment content on /industries/bfsi-banking-insurance.
finance onboarding kit,All,Finance / Investment,SEO Keywords,employee gifting,bottom,supporting,/industries/bfsi-banking-insurance,industry-landing,landing page copy,industries,evergreen,3,low,targeted,Industry-tagged term supported by the Finance / Investment content on /industries/bfsi-banking-insurance.
investment company gifts,All,Finance / Investment,SEO Keywords,industry-specific,middle,supporting,/industries/bfsi-banking-insurance,industry-landing,landing page copy,industries,evergreen,3,low,targeted,Industry-tagged term supported by the Finance / Investment content on /industries/bfsi-banking-insurance.
banking technology gifts,All,Fintech,SEO Keywords,industry-specific,middle,secondary,/industries/fintech,industry-landing,landing page copy,industries,evergreen,2,none,targeted,Declared secondary keyword of /industries/fintech.
fintech client gifts,All,Fintech,SEO Keywords,client gifting,bottom,secondary,/industries/fintech,industry-landing,landing page copy,industries,evergreen,2,none,targeted,Declared secondary keyword of /industries/fintech.
fintech corporate gifts,All,Fintech,SEO Keywords,industry-specific,bottom,primary,/industries/fintech,industry-landing,landing page copy,industries,evergreen,1,none,targeted,Declared primary keyword of /industries/fintech.
fintech employee welcome kit,All,Fintech,SEO Keywords,employee gifting,bottom,secondary,/industries/fintech,industry-landing,landing page copy,industries,evergreen,2,none,targeted,Declared secondary keyword of /industries/fintech.
fintech joining kit,All,Fintech,SEO Keywords,employee gifting,bottom,secondary,/industries/fintech,industry-landing,landing page copy,industries,evergreen,2,none,targeted,Declared secondary keyword of /industries/fintech.
fintech onboarding kit,All,Fintech,SEO Keywords,employee gifting,bottom,secondary,/industries/fintech,industry-landing,landing page copy,industries,evergreen,2,none,targeted,Declared secondary keyword of /industries/fintech.
fintech team gifts,All,Fintech,SEO Keywords,industry-specific,middle,secondary,/industries/fintech,industry-landing,landing page copy,industries,evergreen,2,none,targeted,Declared secondary keyword of /industries/fintech.
PSU corporate gifts,All,Government / PSU,SEO Keywords,industry-specific,middle,supporting,/industries,hub,hub page copy,industries,evergreen,4,low,consolidated,"Government / PSU has too few genuinely distinct keywords to fill a non-duplicative page, so it is covered in the 'Sectors covered without a dedicated page' section of /industries and routed to the matching use-case page. A page per industry tag here would be doorway-page behaviour."
PSU employee welcome kit,All,Government / PSU,SEO Keywords,employee gifting,bottom,supporting,/industries,hub,hub page copy,industries,evergreen,4,low,consolidated,"Government / PSU has too few genuinely distinct keywords to fill a non-duplicative page, so it is covered in the 'Sectors covered without a dedicated page' section of /industries and routed to the matching use-case page. A page per industry tag here would be doorway-page behaviour."
PSU onboarding kit,All,Government / PSU,SEO Keywords,employee gifting,bottom,supporting,/industries,hub,hub page copy,industries,evergreen,4,low,consolidated,"Government / PSU has too few genuinely distinct keywords to fill a non-duplicative page, so it is covered in the 'Sectors covered without a dedicated page' section of /industries and routed to the matching use-case page. A page per industry tag here would be doorway-page behaviour."
government client gifts,All,Government / PSU,SEO Keywords,client gifting,bottom,supporting,/industries,hub,hub page copy,industries,evergreen,4,low,consolidated,"Government / PSU has too few genuinely distinct keywords to fill a non-duplicative page, so it is covered in the 'Sectors covered without a dedicated page' section of /industries and routed to the matching use-case page. A page per industry tag here would be doorway-page behaviour."
government employee gifts,All,Government / PSU,SEO Keywords,industry-specific,middle,supporting,/industries,hub,hub page copy,industries,evergreen,4,low,consolidated,"Government / PSU has too few genuinely distinct keywords to fill a non-duplicative page, so it is covered in the 'Sectors covered without a dedicated page' section of /industries and routed to the matching use-case page. A page per industry tag here would be doorway-page behaviour."
government event gifts,All,Government / PSU,SEO Keywords,event gifting,bottom,supporting,/industries,hub,hub page copy,industries,evergreen,4,low,consolidated,"Government / PSU has too few genuinely distinct keywords to fill a non-duplicative page, so it is covered in the 'Sectors covered without a dedicated page' section of /industries and routed to the matching use-case page. A page per industry tag here would be doorway-page behaviour."
official corporate gift sets,All,Government / PSU,SEO Keywords,industry-specific,middle,supporting,/industries,hub,hub page copy,industries,evergreen,4,low,consolidated,"Government / PSU has too few genuinely distinct keywords to fill a non-duplicative page, so it is covered in the 'Sectors covered without a dedicated page' section of /industries and routed to the matching use-case page. A page per industry tag here would be doorway-page behaviour."
healthcare client gifts,All,Healthcare,SEO Keywords,client gifting,none,none,,none,none,excluded,evergreen,4,none,not-targeted,Machine-generated concatenation of the industry label and a generic term (retains the source spreadsheet's ' / ' separator). Not a phrase anyone types into a search engine; targeting it would produce copy no reader benefits from.
healthcare corporate gifts,All,Healthcare,SEO Keywords,industry-specific,bottom,primary,/industries/healthcare-pharma,industry-landing,landing page copy,industries,evergreen,1,none,targeted,Declared primary keyword of /industries/healthcare-pharma.
healthcare employee welcome kit,All,Healthcare,SEO Keywords,employee gifting,bottom,secondary,/industries/healthcare-pharma,industry-landing,landing page copy,industries,evergreen,2,none,targeted,Declared secondary keyword of /industries/healthcare-pharma.
healthcare joining kit,All,Healthcare,SEO Keywords,employee gifting,bottom,secondary,/industries/healthcare-pharma,industry-landing,landing page copy,industries,evergreen,2,none,targeted,Declared secondary keyword of /industries/healthcare-pharma.
healthcare onboarding kit,All,Healthcare,SEO Keywords,employee gifting,none,none,,none,none,excluded,evergreen,4,none,not-targeted,Machine-generated concatenation of the industry label and a generic term (retains the source spreadsheet's ' / ' separator). Not a phrase anyone types into a search engine; targeting it would produce copy no reader benefits from.
healthcare team gifts,All,Healthcare,SEO Keywords,industry-specific,none,none,,none,none,excluded,evergreen,4,none,not-targeted,Machine-generated concatenation of the industry label and a generic term (retains the source spreadsheet's ' / ' separator). Not a phrase anyone types into a search engine; targeting it would produce copy no reader benefits from.
hospital employee gifts,All,Healthcare,SEO Keywords,industry-specific,middle,secondary,/industries/healthcare-pharma,industry-landing,landing page copy,industries,evergreen,2,none,targeted,Declared secondary keyword of /industries/healthcare-pharma.
hospitality corporate gifts,All,Hospitality / Travel,SEO Keywords,industry-specific,middle,supporting,/industries,hub,hub page copy,industries,evergreen,4,low,consolidated,"Hospitality / Travel has too few genuinely distinct keywords to fill a non-duplicative page, so it is covered in the 'Sectors covered without a dedicated page' section of /industries and routed to the matching use-case page. A page per industry tag here would be doorway-page behaviour."
hospitality employee gifts,All,Hospitality / Travel,SEO Keywords,industry-specific,middle,supporting,/industries,hub,hub page copy,industries,evergreen,4,low,consolidated,"Hospitality / Travel has too few genuinely distinct keywords to fill a non-duplicative page, so it is covered in the 'Sectors covered without a dedicated page' section of /industries and routed to the matching use-case page. A page per industry tag here would be doorway-page behaviour."
hospitality joining kit,All,Hospitality / Travel,SEO Keywords,employee gifting,bottom,supporting,/industries,hub,hub page copy,industries,evergreen,4,low,consolidated,"Hospitality / Travel has too few genuinely distinct keywords to fill a non-duplicative page, so it is covered in the 'Sectors covered without a dedicated page' section of /industries and routed to the matching use-case page. A page per industry tag here would be doorway-page behaviour."
hotel client gifts,All,Hospitality / Travel,SEO Keywords,client gifting,bottom,supporting,/industries,hub,hub page copy,industries,evergreen,4,low,consolidated,"Hospitality / Travel has too few genuinely distinct keywords to fill a non-duplicative page, so it is covered in the 'Sectors covered without a dedicated page' section of /industries and routed to the matching use-case page. A page per industry tag here would be doorway-page behaviour."
hotel employee welcome kit,All,Hospitality / Travel,SEO Keywords,employee gifting,bottom,supporting,/industries,hub,hub page copy,industries,evergreen,4,low,consolidated,"Hospitality / Travel has too few genuinely distinct keywords to fill a non-duplicative page, so it is covered in the 'Sectors covered without a dedicated page' section of /industries and routed to the matching use-case page. A page per industry tag here would be doorway-page behaviour."
hotel onboarding kit,All,Hospitality / Travel,SEO Keywords,employee gifting,bottom,supporting,/industries,hub,hub page copy,industries,evergreen,4,low,consolidated,"Hospitality / Travel has too few genuinely distinct keywords to fill a non-duplicative page, so it is covered in the 'Sectors covered without a dedicated page' section of /industries and routed to the matching use-case page. A page per industry tag here would be doorway-page behaviour."
travel company corporate gifts,All,Hospitality / Travel,SEO Keywords,industry-specific,middle,supporting,/industries,hub,hub page copy,industries,evergreen,4,low,consolidated,"Hospitality / Travel has too few genuinely distinct keywords to fill a non-duplicative page, so it is covered in the 'Sectors covered without a dedicated page' section of /industries and routed to the matching use-case page. A page per industry tag here would be doorway-page behaviour."
IT company corporate gifts,All,IT,SEO Keywords,industry-specific,bottom,primary,/industries/it-software-saas,industry-landing,landing page copy,industries,evergreen,1,none,targeted,Declared primary keyword of /industries/it-software-saas.
IT employee welcome kit,All,IT,SEO Keywords,employee gifting,bottom,secondary,/industries/it-software-saas,industry-landing,landing page copy,industries,evergreen,2,none,targeted,Declared secondary keyword of /industries/it-software-saas.
IT onboarding welcome kit,All,IT,SEO Keywords,employee gifting,none,none,,none,none,excluded,evergreen,4,none,not-targeted,Machine-generated concatenation of the industry label and a generic term (retains the source spreadsheet's ' / ' separator). Not a phrase anyone types into a search engine; targeting it would produce copy no reader benefits from.
IT team gifts,All,IT,SEO Keywords,industry-specific,none,none,,none,none,excluded,evergreen,4,none,not-targeted,Machine-generated concatenation of the industry label and a generic term (retains the source spreadsheet's ' / ' separator). Not a phrase anyone types into a search engine; targeting it would produce copy no reader benefits from.
software company onboarding kit,All,IT,SEO Keywords,employee gifting,bottom,secondary,/industries/it-software-saas,industry-landing,landing page copy,industries,evergreen,2,none,targeted,Declared secondary keyword of /industries/it-software-saas.
tech company corporate gifts,All,IT,SEO Keywords,industry-specific,middle,supporting,/industries/it-software-saas,industry-landing,landing page copy,industries,evergreen,3,low,targeted,Industry-tagged term supported by the IT content on /industries/it-software-saas.
law firm corporate gifts,All,Legal,SEO Keywords,industry-specific,middle,supporting,/industries,hub,hub page copy,industries,evergreen,4,low,consolidated,"Legal has too few genuinely distinct keywords to fill a non-duplicative page, so it is covered in the 'Sectors covered without a dedicated page' section of /industries and routed to the matching use-case page. A page per industry tag here would be doorway-page behaviour."
law firm employee welcome kit,All,Legal,SEO Keywords,employee gifting,bottom,supporting,/industries,hub,hub page copy,industries,evergreen,4,low,consolidated,"Legal has too few genuinely distinct keywords to fill a non-duplicative page, so it is covered in the 'Sectors covered without a dedicated page' section of /industries and routed to the matching use-case page. A page per industry tag here would be doorway-page behaviour."
law firm onboarding kit,All,Legal,SEO Keywords,employee gifting,bottom,supporting,/industries,hub,hub page copy,industries,evergreen,4,low,consolidated,"Legal has too few genuinely distinct keywords to fill a non-duplicative page, so it is covered in the 'Sectors covered without a dedicated page' section of /industries and routed to the matching use-case page. A page per industry tag here would be doorway-page behaviour."
law office corporate gifts,All,Legal,SEO Keywords,industry-specific,middle,supporting,/industries,hub,hub page copy,industries,evergreen,4,low,consolidated,"Legal has too few genuinely distinct keywords to fill a non-duplicative page, so it is covered in the 'Sectors covered without a dedicated page' section of /industries and routed to the matching use-case page. A page per industry tag here would be doorway-page behaviour."
legal client gifts,All,Legal,SEO Keywords,client gifting,none,none,,none,none,excluded,evergreen,4,none,not-targeted,Machine-generated concatenation of the industry label and a generic term (retains the source spreadsheet's ' / ' separator). Not a phrase anyone types into a search engine; targeting it would produce copy no reader benefits from.
legal joining kit,All,Legal,SEO Keywords,employee gifting,none,none,,none,none,excluded,evergreen,4,none,not-targeted,Machine-generated concatenation of the industry label and a generic term (retains the source spreadsheet's ' / ' separator). Not a phrase anyone types into a search engine; targeting it would produce copy no reader benefits from.
legal team gifts,All,Legal,SEO Keywords,industry-specific,none,none,,none,none,excluded,evergreen,4,none,not-targeted,Machine-generated concatenation of the industry label and a generic term (retains the source spreadsheet's ' / ' separator). Not a phrase anyone types into a search engine; targeting it would produce copy no reader benefits from.
logistics client gifts,All,Logistics,SEO Keywords,client gifting,none,none,,none,none,excluded,evergreen,4,none,not-targeted,Machine-generated concatenation of the industry label and a generic term (retains the source spreadsheet's ' / ' separator). Not a phrase anyone types into a search engine; targeting it would produce copy no reader benefits from.
logistics corporate gifts,All,Logistics,SEO Keywords,industry-specific,none,none,,none,none,excluded,evergreen,4,none,not-targeted,Machine-generated concatenation of the industry label and a generic term (retains the source spreadsheet's ' / ' separator). Not a phrase anyone types into a search engine; targeting it would produce copy no reader benefits from.
logistics employee gifts,All,Logistics,SEO Keywords,industry-specific,none,none,,none,none,excluded,evergreen,4,none,not-targeted,Machine-generated concatenation of the industry label and a generic term (retains the source spreadsheet's ' / ' separator). Not a phrase anyone types into a search engine; targeting it would produce copy no reader benefits from.
logistics employee welcome kit,All,Logistics,SEO Keywords,employee gifting,none,none,,none,none,excluded,evergreen,4,none,not-targeted,Machine-generated concatenation of the industry label and a generic term (retains the source spreadsheet's ' / ' separator). Not a phrase anyone types into a search engine; targeting it would produce copy no reader benefits from.
logistics joining kit,All,Logistics,SEO Keywords,employee gifting,none,none,,none,none,excluded,evergreen,4,none,not-targeted,Machine-generated concatenation of the industry label and a generic term (retains the source spreadsheet's ' / ' separator). Not a phrase anyone types into a search engine; targeting it would produce copy no reader benefits from.
logistics onboarding kit,All,Logistics,SEO Keywords,employee gifting,none,none,,none,none,excluded,evergreen,4,none,not-targeted,Machine-generated concatenation of the industry label and a generic term (retains the source spreadsheet's ' / ' separator). Not a phrase anyone types into a search engine; targeting it would produce copy no reader benefits from.
logistics team gifts,All,Logistics,SEO Keywords,industry-specific,none,none,,none,none,excluded,evergreen,4,none,not-targeted,Machine-generated concatenation of the industry label and a generic term (retains the source spreadsheet's ' / ' separator). Not a phrase anyone types into a search engine; targeting it would produce copy no reader benefits from.
factory employee gifts,All,Manufacturing,SEO Keywords,industry-specific,middle,secondary,/industries/manufacturing,industry-landing,landing page copy,industries,evergreen,2,none,targeted,Declared secondary keyword of /industries/manufacturing.
manufacturing corporate gifts,All,Manufacturing,SEO Keywords,industry-specific,bottom,primary,/industries/manufacturing,industry-landing,landing page copy,industries,evergreen,1,none,targeted,Declared primary keyword of /industries/manufacturing.
manufacturing employee welcome kit,All,Manufacturing,SEO Keywords,employee gifting,bottom,secondary,/industries/manufacturing,industry-landing,landing page copy,industries,evergreen,2,none,targeted,Declared secondary keyword of /industries/manufacturing.
manufacturing joining kit,All,Manufacturing,SEO Keywords,employee gifting,bottom,secondary,/industries/manufacturing,industry-landing,landing page copy,industries,evergreen,2,none,targeted,Declared secondary keyword of /industries/manufacturing.
manufacturing onboarding kit,All,Manufacturing,SEO Keywords,employee gifting,none,none,,none,none,excluded,evergreen,4,none,not-targeted,Machine-generated concatenation of the industry label and a generic term (retains the source spreadsheet's ' / ' separator). Not a phrase anyone types into a search engine; targeting it would produce copy no reader benefits from.
manufacturing team gifts,All,Manufacturing,SEO Keywords,industry-specific,none,none,,none,none,excluded,evergreen,4,none,not-targeted,Machine-generated concatenation of the industry label and a generic term (retains the source spreadsheet's ' / ' separator). Not a phrase anyone types into a search engine; targeting it would produce copy no reader benefits from.
plant employee gifts,All,Manufacturing,SEO Keywords,industry-specific,middle,secondary,/industries/manufacturing,industry-landing,landing page copy,industries,evergreen,2,none,targeted,Declared secondary keyword of /industries/manufacturing.
agency employee welcome kit,All,Media / Marketing,SEO Keywords,employee gifting,bottom,supporting,/industries,hub,hub page copy,industries,evergreen,4,low,consolidated,"Media / Marketing has too few genuinely distinct keywords to fill a non-duplicative page, so it is covered in the 'Sectors covered without a dedicated page' section of /industries and routed to the matching use-case page. A page per industry tag here would be doorway-page behaviour."
creative agency onboarding kit,All,Media / Marketing,SEO Keywords,employee gifting,bottom,supporting,/industries,hub,hub page copy,industries,evergreen,4,low,consolidated,"Media / Marketing has too few genuinely distinct keywords to fill a non-duplicative page, so it is covered in the 'Sectors covered without a dedicated page' section of /industries and routed to the matching use-case page. A page per industry tag here would be doorway-page behaviour."
marketing agency corporate gifts,All,Media / Marketing,SEO Keywords,industry-specific,middle,supporting,/industries,hub,hub page copy,industries,evergreen,4,low,consolidated,"Media / Marketing has too few genuinely distinct keywords to fill a non-duplicative page, so it is covered in the 'Sectors covered without a dedicated page' section of /industries and routed to the matching use-case page. A page per industry tag here would be doorway-page behaviour."
marketing joining kit,All,Media / Marketing,SEO Keywords,employee gifting,bottom,supporting,/industries,hub,hub page copy,industries,evergreen,4,low,consolidated,"Media / Marketing has too few genuinely distinct keywords to fill a non-duplicative page, so it is covered in the 'Sectors covered without a dedicated page' section of /industries and routed to the matching use-case page. A page per industry tag here would be doorway-page behaviour."
marketing team gifts,All,Media / Marketing,SEO Keywords,industry-specific,middle,supporting,/industries,hub,hub page copy,industries,evergreen,4,low,consolidated,"Media / Marketing has too few genuinely distinct keywords to fill a non-duplicative page, so it is covered in the 'Sectors covered without a dedicated page' section of /industries and routed to the matching use-case page. A page per industry tag here would be doorway-page behaviour."
media company employee gifts,All,Media / Marketing,SEO Keywords,industry-specific,middle,supporting,/industries,hub,hub page copy,industries,evergreen,4,low,consolidated,"Media / Marketing has too few genuinely distinct keywords to fill a non-duplicative page, so it is covered in the 'Sectors covered without a dedicated page' section of /industries and routed to the matching use-case page. A page per industry tag here would be doorway-page behaviour."
media corporate gifts,All,Media / Marketing,SEO Keywords,industry-specific,middle,supporting,/industries,hub,hub page copy,industries,evergreen,4,low,consolidated,"Media / Marketing has too few genuinely distinct keywords to fill a non-duplicative page, so it is covered in the 'Sectors covered without a dedicated page' section of /industries and routed to the matching use-case page. A page per industry tag here would be doorway-page behaviour."
pharma client gifts,All,Pharma,SEO Keywords,client gifting,bottom,secondary,/industries/healthcare-pharma,industry-landing,landing page copy,industries,evergreen,2,none,targeted,Declared secondary keyword of /industries/healthcare-pharma.
pharma corporate gifts,All,Pharma,SEO Keywords,industry-specific,middle,secondary,/industries/healthcare-pharma,industry-landing,landing page copy,industries,evergreen,2,none,targeted,Declared secondary keyword of /industries/healthcare-pharma.
pharma employee gifts,All,Pharma,SEO Keywords,industry-specific,none,none,,none,none,excluded,evergreen,4,none,not-targeted,Machine-generated concatenation of the industry label and a generic term (retains the source spreadsheet's ' / ' separator). Not a phrase anyone types into a search engine; targeting it would produce copy no reader benefits from.
pharma joining kit,All,Pharma,SEO Keywords,employee gifting,none,none,,none,none,excluded,evergreen,4,none,not-targeted,Machine-generated concatenation of the industry label and a generic term (retains the source spreadsheet's ' / ' separator). Not a phrase anyone types into a search engine; targeting it would produce copy no reader benefits from.
pharma onboarding kit,All,Pharma,SEO Keywords,employee gifting,none,none,,none,none,excluded,evergreen,4,none,not-targeted,Machine-generated concatenation of the industry label and a generic term (retains the source spreadsheet's ' / ' separator). Not a phrase anyone types into a search engine; targeting it would produce copy no reader benefits from.
pharma sales team gifts,All,Pharma,SEO Keywords,industry-specific,middle,secondary,/industries/healthcare-pharma,industry-landing,landing page copy,industries,evergreen,2,none,targeted,Declared secondary keyword of /industries/healthcare-pharma.
pharmaceutical company gifts,All,Pharma,SEO Keywords,industry-specific,none,none,,none,none,excluded,evergreen,4,none,not-targeted,Machine-generated concatenation of the industry label and a generic term (retains the source spreadsheet's ' / ' separator). Not a phrase anyone types into a search engine; targeting it would produce copy no reader benefits from.
property company gifts,All,Real Estate,SEO Keywords,industry-specific,middle,secondary,/industries/real-estate,industry-landing,landing page copy,industries,evergreen,2,none,targeted,Declared secondary keyword of /industries/real-estate.
real estate broker gifts,All,Real Estate,SEO Keywords,industry-specific,middle,secondary,/industries/real-estate,industry-landing,landing page copy,industries,evergreen,2,none,targeted,Declared secondary keyword of /industries/real-estate.
real estate client gifts,All,Real Estate,SEO Keywords,client gifting,bottom,secondary,/industries/real-estate,industry-landing,landing page copy,industries,evergreen,2,none,targeted,Declared secondary keyword of /industries/real-estate.
real estate corporate gifts,All,Real Estate,SEO Keywords,industry-specific,bottom,primary,/industries/real-estate,industry-landing,landing page copy,industries,evergreen,1,none,targeted,Declared primary keyword of /industries/real-estate.
real estate employee welcome kit,All,Real Estate,SEO Keywords,employee gifting,bottom,secondary,/industries/real-estate,industry-landing,landing page copy,industries,evergreen,2,none,targeted,Declared secondary keyword of /industries/real-estate.
real estate joining kit,All,Real Estate,SEO Keywords,employee gifting,bottom,secondary,/industries/real-estate,industry-landing,landing page copy,industries,evergreen,2,none,targeted,Declared secondary keyword of /industries/real-estate.
real estate onboarding kit,All,Real Estate,SEO Keywords,employee gifting,bottom,secondary,/industries/real-estate,industry-landing,landing page copy,industries,evergreen,2,none,targeted,Declared secondary keyword of /industries/real-estate.
HR corporate gifts,All,Recruitment / HR,SEO Keywords,industry-specific,middle,supporting,/industries,hub,hub page copy,industries,evergreen,4,low,consolidated,"Recruitment / HR has too few genuinely distinct keywords to fill a non-duplicative page, so it is covered in the 'Sectors covered without a dedicated page' section of /industries and routed to the matching use-case page. A page per industry tag here would be doorway-page behaviour."
HR team corporate gifts,All,Recruitment / HR,SEO Keywords,industry-specific,middle,supporting,/industries,hub,hub page copy,industries,evergreen,4,low,consolidated,"Recruitment / HR has too few genuinely distinct keywords to fill a non-duplicative page, so it is covered in the 'Sectors covered without a dedicated page' section of /industries and routed to the matching use-case page. A page per industry tag here would be doorway-page behaviour."
new hire welcome gifts,All,Recruitment / HR,SEO Keywords,employee gifting,bottom,supporting,/industries,hub,hub page copy,industries,evergreen,4,low,consolidated,"Recruitment / HR has too few genuinely distinct keywords to fill a non-duplicative page, so it is covered in the 'Sectors covered without a dedicated page' section of /industries and routed to the matching use-case page. A page per industry tag here would be doorway-page behaviour."
recruitment agency gifts,All,Recruitment / HR,SEO Keywords,industry-specific,middle,supporting,/industries,hub,hub page copy,industries,evergreen,4,low,consolidated,"Recruitment / HR has too few genuinely distinct keywords to fill a non-duplicative page, so it is covered in the 'Sectors covered without a dedicated page' section of /industries and routed to the matching use-case page. A page per industry tag here would be doorway-page behaviour."
recruitment employee welcome kit,All,Recruitment / HR,SEO Keywords,employee gifting,bottom,supporting,/industries,hub,hub page copy,industries,evergreen,4,low,consolidated,"Recruitment / HR has too few genuinely distinct keywords to fill a non-duplicative page, so it is covered in the 'Sectors covered without a dedicated page' section of /industries and routed to the matching use-case page. A page per industry tag here would be doorway-page behaviour."
recruitment team gifts,All,Recruitment / HR,SEO Keywords,industry-specific,middle,supporting,/industries,hub,hub page copy,industries,evergreen,4,low,consolidated,"Recruitment / HR has too few genuinely distinct keywords to fill a non-duplicative page, so it is covered in the 'Sectors covered without a dedicated page' section of /industries and routed to the matching use-case page. A page per industry tag here would be doorway-page behaviour."
ESG corporate gifting,All,Renewable Energy / ESG,SEO Keywords,sustainability,middle,secondary,/products/wood-finish-premium-gift-set,product,landing page copy,products,evergreen,2,none,targeted,Declared secondary keyword of /products/wood-finish-premium-gift-set.
ESG employee gifts,All,Renewable Energy / ESG,SEO Keywords,sustainability,middle,supporting,/industries,hub,hub page copy,industries,evergreen,4,low,consolidated,"Renewable Energy / ESG has too few genuinely distinct keywords to fill a non-duplicative page, so it is covered in the 'Sectors covered without a dedicated page' section of /industries and routed to the matching use-case page. A page per industry tag here would be doorway-page behaviour."
eco friendly onboarding kit,All,Renewable Energy / ESG,SEO Keywords,employee gifting,bottom,supporting,/industries,hub,hub page copy,industries,evergreen,4,low,consolidated,"Renewable Energy / ESG has too few genuinely distinct keywords to fill a non-duplicative page, so it is covered in the 'Sectors covered without a dedicated page' section of /industries and routed to the matching use-case page. A page per industry tag here would be doorway-page behaviour."
green employee welcome kit,All,Renewable Energy / ESG,SEO Keywords,employee gifting,bottom,supporting,/industries,hub,hub page copy,industries,evergreen,4,low,consolidated,"Renewable Energy / ESG has too few genuinely distinct keywords to fill a non-duplicative page, so it is covered in the 'Sectors covered without a dedicated page' section of /industries and routed to the matching use-case page. A page per industry tag here would be doorway-page behaviour."
renewable energy corporate gifts,All,Renewable Energy / ESG,SEO Keywords,industry-specific,middle,supporting,/industries,hub,hub page copy,industries,evergreen,4,low,consolidated,"Renewable Energy / ESG has too few genuinely distinct keywords to fill a non-duplicative page, so it is covered in the 'Sectors covered without a dedicated page' section of /industries and routed to the matching use-case page. A page per industry tag here would be doorway-page behaviour."
sustainable team gifts,All,Renewable Energy / ESG,SEO Keywords,sustainability,middle,supporting,/industries,hub,hub page copy,industries,evergreen,4,low,consolidated,"Renewable Energy / ESG has too few genuinely distinct keywords to fill a non-duplicative page, so it is covered in the 'Sectors covered without a dedicated page' section of /industries and routed to the matching use-case page. A page per industry tag here would be doorway-page behaviour."
SaaS corporate gifts,All,Software / SaaS,SEO Keywords,industry-specific,middle,supporting,/industries/it-software-saas,industry-landing,landing page copy,industries,evergreen,3,low,targeted,Industry-tagged term supported by the Software / SaaS content on /industries/it-software-saas.
SaaS employee welcome kit,All,Software / SaaS,SEO Keywords,employee gifting,bottom,supporting,/industries/it-software-saas,industry-landing,landing page copy,industries,evergreen,3,low,targeted,Industry-tagged term supported by the Software / SaaS content on /industries/it-software-saas.
SaaS onboarding kit,All,Software / SaaS,SEO Keywords,employee gifting,bottom,supporting,/industries/it-software-saas,industry-landing,landing page copy,industries,evergreen,3,low,targeted,Industry-tagged term supported by the Software / SaaS content on /industries/it-software-saas.
SaaS team gifts,All,Software / SaaS,SEO Keywords,industry-specific,middle,supporting,/industries/it-software-saas,industry-landing,landing page copy,industries,evergreen,3,low,targeted,Industry-tagged term supported by the Software / SaaS content on /industries/it-software-saas.
software company corporate gifts,All,Software / SaaS,SEO Keywords,industry-specific,middle,supporting,/industries/it-software-saas,industry-landing,landing page copy,industries,evergreen,3,low,targeted,Industry-tagged term supported by the Software / SaaS content on /industries/it-software-saas.
software employee gifts,All,Software / SaaS,SEO Keywords,industry-specific,middle,supporting,/industries/it-software-saas,industry-landing,landing page copy,industries,evergreen,3,low,targeted,Industry-tagged term supported by the Software / SaaS content on /industries/it-software-saas.
startup tech welcome kit,All,Software / SaaS,SEO Keywords,employee gifting,bottom,supporting,/industries/it-software-saas,industry-landing,landing page copy,industries,evergreen,3,low,targeted,Industry-tagged term supported by the Software / SaaS content on /industries/it-software-saas.
telecom client gifts,All,Telecom,SEO Keywords,client gifting,none,none,,none,none,excluded,evergreen,4,none,not-targeted,Machine-generated concatenation of the industry label and a generic term (retains the source spreadsheet's ' / ' separator). Not a phrase anyone types into a search engine; targeting it would produce copy no reader benefits from.
telecom corporate gifts,All,Telecom,SEO Keywords,industry-specific,none,none,,none,none,excluded,evergreen,4,none,not-targeted,Machine-generated concatenation of the industry label and a generic term (retains the source spreadsheet's ' / ' separator). Not a phrase anyone types into a search engine; targeting it would produce copy no reader benefits from.
telecom employee gifts,All,Telecom,SEO Keywords,industry-specific,none,none,,none,none,excluded,evergreen,4,none,not-targeted,Machine-generated concatenation of the industry label and a generic term (retains the source spreadsheet's ' / ' separator). Not a phrase anyone types into a search engine; targeting it would produce copy no reader benefits from.
telecom employee welcome kit,All,Telecom,SEO Keywords,employee gifting,none,none,,none,none,excluded,evergreen,4,none,not-targeted,Machine-generated concatenation of the industry label and a generic term (retains the source spreadsheet's ' / ' separator). Not a phrase anyone types into a search engine; targeting it would produce copy no reader benefits from.
telecom joining kit,All,Telecom,SEO Keywords,employee gifting,none,none,,none,none,excluded,evergreen,4,none,not-targeted,Machine-generated concatenation of the industry label and a generic term (retains the source spreadsheet's ' / ' separator). Not a phrase anyone types into a search engine; targeting it would produce copy no reader benefits from.
telecom onboarding kit,All,Telecom,SEO Keywords,employee gifting,none,none,,none,none,excluded,evergreen,4,none,not-targeted,Machine-generated concatenation of the industry label and a generic term (retains the source spreadsheet's ' / ' separator). Not a phrase anyone types into a search engine; targeting it would produce copy no reader benefits from.
telecom team gifts,All,Telecom,SEO Keywords,industry-specific,none,none,,none,none,excluded,evergreen,4,none,not-targeted,Machine-generated concatenation of the industry label and a generic term (retains the source spreadsheet's ' / ' separator). Not a phrase anyone types into a search engine; targeting it would produce copy no reader benefits from.
ESG friendly corporate gifts,All,All,SEO Keywords,sustainability,middle,supporting,/categories/eco-gifts,category,category page copy,eco-gifts,evergreen,2,low,targeted,Cluster-level variation supported by the category page /categories/eco-gifts.
HR welcome kit for new hires,All,All,SEO Keywords,employee gifting,bottom,supporting,/gifting/employee-onboarding,use-case-landing,landing page copy,gifting,evergreen,2,low,targeted,Occasion/programme intent served by /gifting/employee-onboarding.
brand experience gift kits,All,All,SEO Keywords,commercial investigation,middle,supporting,/gifting/employee-appreciation,use-case-landing,landing page copy,gifting,evergreen,2,low,targeted,Occasion/programme intent served by /gifting/employee-appreciation.
brandable welcome kits,All,All,SEO Keywords,employee gifting,bottom,supporting,/gifting/employee-onboarding,use-case-landing,landing page copy,gifting,evergreen,2,low,targeted,Occasion/programme intent served by /gifting/employee-onboarding.
branded employee experience kits,All,All,SEO Keywords,commercial investigation,middle,supporting,/,homepage,homepage copy,brand,evergreen,2,medium,targeted,"Broad brand-level commercial term. Owned by the homepage by design -- category and product pages deliberately do not compete for head terms, they link upward to them."
branded office accessories,All,All,SEO Keywords,commercial investigation,middle,supporting,/,homepage,homepage copy,brand,evergreen,2,medium,targeted,"Broad brand-level commercial term. Owned by the homepage by design -- category and product pages deliberately do not compete for head terms, they link upward to them."
branded stationery gifts,All,All,SEO Keywords,commercial investigation,middle,supporting,/,homepage,homepage copy,brand,evergreen,2,medium,targeted,"Broad brand-level commercial term. Owned by the homepage by design -- category and product pages deliberately do not compete for head terms, they link upward to them."
bulk corporate gifting,All,All,SEO Keywords,bulk purchase,bottom,secondary,/gifting/bulk-corporate-gifting,use-case-landing,landing page copy,gifting,evergreen,2,none,targeted,Declared secondary keyword of /gifting/bulk-corporate-gifting.
bulk employee welcome kits,All,All,SEO Keywords,bulk purchase,bottom,supporting,/gifting/employee-onboarding,use-case-landing,landing page copy,gifting,evergreen,2,low,targeted,Occasion/programme intent served by /gifting/employee-onboarding.
bulk onboarding gifts,All,All,SEO Keywords,bulk purchase,bottom,secondary,/gifting/employee-onboarding,use-case-landing,landing page copy,gifting,evergreen,2,none,targeted,Declared secondary keyword of /gifting/employee-onboarding.
channel partner corporate gifts,All,All,SEO Keywords,commercial investigation,bottom,primary,/gifting/dealer-channel-partner,use-case-landing,landing page copy,gifting,evergreen,1,none,targeted,Declared primary keyword of /gifting/dealer-channel-partner.
company culture welcome kit,All,All,SEO Keywords,employee gifting,bottom,secondary,/guides/employee-welcome-kit-guide,guide,buying guide,guides,evergreen,2,none,targeted,Declared secondary keyword of /guides/employee-welcome-kit-guide.
conference delegate gift set,All,All,SEO Keywords,event gifting,bottom,secondary,/gifting/events-conferences,use-case-landing,landing page copy,gifting,evergreen,2,none,targeted,Declared secondary keyword of /gifting/events-conferences.
corporate desk essentials,All,All,SEO Keywords,commercial investigation,middle,supporting,/shop,listing,product listing,shop,evergreen,4,low,targeted,Generic browse term with no more specific owner; served by the full catalog listing.
corporate event merchandise,All,All,SEO Keywords,event gifting,bottom,secondary,/gifting/events-conferences,use-case-landing,landing page copy,gifting,evergreen,2,none,targeted,Declared secondary keyword of /gifting/events-conferences.
corporate gifting for 100 employees,All,All,SEO Keywords,bulk purchase,bottom,primary,/guides/corporate-gifting-budget-guide,guide,buying guide,guides,evergreen,1,none,targeted,Declared primary keyword of /guides/corporate-gifting-budget-guide.
corporate gifting for 50 employees,All,All,SEO Keywords,bulk purchase,bottom,secondary,/guides/corporate-gifting-budget-guide,guide,buying guide,guides,evergreen,2,none,targeted,Declared secondary keyword of /guides/corporate-gifting-budget-guide.
corporate gifting for 500 employees,All,All,SEO Keywords,bulk purchase,bottom,secondary,/gifting/bulk-corporate-gifting,use-case-landing,landing page copy,gifting,evergreen,2,none,targeted,Declared secondary keyword of /gifting/bulk-corporate-gifting.
corporate gifting for HR teams,All,All,SEO Keywords,commercial investigation,middle,supporting,/,homepage,homepage copy,brand,evergreen,2,medium,targeted,"Broad brand-level commercial term. Owned by the homepage by design -- category and product pages deliberately do not compete for head terms, they link upward to them."
corporate gifting for employee retention,All,All,SEO Keywords,commercial investigation,middle,supporting,/gifting/employee-appreciation,use-case-landing,landing page copy,gifting,evergreen,2,low,targeted,Occasion/programme intent served by /gifting/employee-appreciation.
corporate gifting for growing teams,All,All,SEO Keywords,commercial investigation,middle,supporting,/,homepage,homepage copy,brand,evergreen,2,medium,targeted,"Broad brand-level commercial term. Owned by the homepage by design -- category and product pages deliberately do not compete for head terms, they link upward to them."
corporate gifting for people ops,All,All,SEO Keywords,commercial investigation,middle,supporting,/,homepage,homepage copy,brand,evergreen,2,medium,targeted,"Broad brand-level commercial term. Owned by the homepage by design -- category and product pages deliberately do not compete for head terms, they link upward to them."
corporate gifting for startups,All,All,SEO Keywords,commercial investigation,middle,supporting,/,homepage,homepage copy,brand,evergreen,2,medium,targeted,"Broad brand-level commercial term. Owned by the homepage by design -- category and product pages deliberately do not compete for head terms, they link upward to them."
corporate gifting for tech companies,All,All,SEO Keywords,commercial investigation,middle,supporting,/,homepage,homepage copy,brand,evergreen,2,medium,targeted,"Broad brand-level commercial term. Owned by the homepage by design -- category and product pages deliberately do not compete for head terms, they link upward to them."
corporate gifts for remote employees,All,All,SEO Keywords,commercial investigation,middle,supporting,/,homepage,homepage copy,brand,evergreen,2,medium,targeted,"Broad brand-level commercial term. Owned by the homepage by design -- category and product pages deliberately do not compete for head terms, they link upward to them."
corporate merchandise gifts,All,All,SEO Keywords,promotional merchandise,middle,supporting,/,homepage,homepage copy,brand,evergreen,2,medium,targeted,"Broad brand-level commercial term. Owned by the homepage by design -- category and product pages deliberately do not compete for head terms, they link upward to them."
corporate notebook and pen set,All,All,SEO Keywords,product-specific,middle,supporting,/shop,listing,product listing,shop,evergreen,4,low,targeted,Generic browse term with no more specific owner; served by the full catalog listing.
corporate stationery kit,All,All,SEO Keywords,product-specific,middle,supporting,/shop,listing,product listing,shop,evergreen,4,low,targeted,Generic browse term with no more specific owner; served by the full catalog listing.
curated corporate gift boxes,All,All,SEO Keywords,commercial investigation,middle,supporting,/,homepage,homepage copy,brand,evergreen,2,medium,targeted,"Broad brand-level commercial term. Owned by the homepage by design -- category and product pages deliberately do not compete for head terms, they link upward to them."
custom branded onboarding kits,All,All,SEO Keywords,employee gifting,bottom,secondary,/gifting/employee-onboarding,use-case-landing,landing page copy,gifting,evergreen,2,none,targeted,Declared secondary keyword of /gifting/employee-onboarding.
custom corporate gift boxes,All,All,SEO Keywords,product-specific,middle,supporting,/,homepage,homepage copy,brand,evergreen,2,medium,targeted,"Broad brand-level commercial term. Owned by the homepage by design -- category and product pages deliberately do not compete for head terms, they link upward to them."
custom stationery gift sets,All,All,SEO Keywords,product-specific,middle,supporting,/,homepage,homepage copy,brand,evergreen,2,medium,targeted,"Broad brand-level commercial term. Owned by the homepage by design -- category and product pages deliberately do not compete for head terms, they link upward to them."
customer appreciation gift sets,All,All,SEO Keywords,client gifting,bottom,secondary,/gifting/client-appreciation,use-case-landing,landing page copy,gifting,evergreen,2,none,targeted,Declared secondary keyword of /gifting/client-appreciation.
dealer and distributor gifts,All,All,SEO Keywords,commercial investigation,middle,secondary,/industries/manufacturing,industry-landing,landing page copy,industries,evergreen,2,none,targeted,Declared secondary keyword of /industries/manufacturing.
desk essentials gift set,All,All,SEO Keywords,product-specific,middle,supporting,/shop,listing,product listing,shop,evergreen,4,low,targeted,Generic browse term with no more specific owner; served by the full catalog listing.
desk friendly corporate gifts,All,All,SEO Keywords,commercial investigation,middle,supporting,/,homepage,homepage copy,brand,evergreen,2,medium,targeted,"Broad brand-level commercial term. Owned by the homepage by design -- category and product pages deliberately do not compete for head terms, they link upward to them."
employee appreciation box,All,All,SEO Keywords,product-specific,bottom,secondary,/gifting/employee-appreciation,use-case-landing,landing page copy,gifting,evergreen,2,none,targeted,Declared secondary keyword of /gifting/employee-appreciation.
employee culture gifts,All,All,SEO Keywords,commercial investigation,middle,supporting,/gifting/employee-appreciation,use-case-landing,landing page copy,gifting,evergreen,2,low,targeted,Occasion/programme intent served by /gifting/employee-appreciation.
employee desk kit,All,All,SEO Keywords,product-specific,middle,supporting,/shop,listing,product listing,shop,evergreen,4,low,targeted,Generic browse term with no more specific owner; served by the full catalog listing.
employee engagement gifting,All,All,SEO Keywords,commercial investigation,middle,supporting,/gifting/employee-appreciation,use-case-landing,landing page copy,gifting,evergreen,2,low,targeted,Occasion/programme intent served by /gifting/employee-appreciation.
employee experience gifting,All,All,SEO Keywords,commercial investigation,middle,supporting,/gifting/employee-appreciation,use-case-landing,landing page copy,gifting,evergreen,2,low,targeted,Occasion/programme intent served by /gifting/employee-appreciation.
employee gifts with logo,All,All,SEO Keywords,product-specific,middle,supporting,/,homepage,homepage copy,brand,evergreen,2,medium,targeted,"Broad brand-level commercial term. Owned by the homepage by design -- category and product pages deliberately do not compete for head terms, they link upward to them."
employee milestone gifts,All,All,SEO Keywords,commercial investigation,middle,secondary,/gifting/employee-appreciation,use-case-landing,landing page copy,gifting,evergreen,2,none,targeted,Declared secondary keyword of /gifting/employee-appreciation.
employee onboarding experience,All,All,SEO Keywords,employee gifting,bottom,primary,/guides/employee-welcome-kit-guide,guide,buying guide,guides,evergreen,1,none,targeted,Declared primary keyword of /guides/employee-welcome-kit-guide.
employee recognition gift sets,All,All,SEO Keywords,commercial investigation,middle,secondary,/occasions/work-anniversary-milestones,seasonal-landing,landing page copy,occasions,seasonal,2,none,targeted,Declared secondary keyword of /occasions/work-anniversary-milestones.
employee retention gifts,All,All,SEO Keywords,commercial investigation,middle,supporting,/gifting/employee-appreciation,use-case-landing,landing page copy,gifting,evergreen,2,low,targeted,Occasion/programme intent served by /gifting/employee-appreciation.
employer branding gifts,All,All,SEO Keywords,commercial investigation,middle,supporting,/shop,listing,product listing,shop,evergreen,4,low,targeted,Generic browse term with no more specific owner; served by the full catalog listing.
employer branding welcome kit,All,All,SEO Keywords,employee gifting,bottom,secondary,/guides/employee-welcome-kit-guide,guide,buying guide,guides,evergreen,2,none,targeted,Declared secondary keyword of /guides/employee-welcome-kit-guide.
executive notebook pen set,All,All,SEO Keywords,executive gifting,bottom,supporting,/gifting/executive-leadership,use-case-landing,landing page copy,gifting,evergreen,2,low,targeted,Occasion/programme intent served by /gifting/executive-leadership.
functional corporate gifts,All,All,SEO Keywords,commercial investigation,middle,supporting,/,homepage,homepage copy,brand,evergreen,2,medium,targeted,"Broad brand-level commercial term. Owned by the homepage by design -- category and product pages deliberately do not compete for head terms, they link upward to them."
hybrid workforce welcome kits,All,All,SEO Keywords,employee gifting,bottom,supporting,/gifting/employee-onboarding,use-case-landing,landing page copy,gifting,evergreen,2,low,targeted,Occasion/programme intent served by /gifting/employee-onboarding.
leadership offsite gifts,All,All,SEO Keywords,executive gifting,bottom,secondary,/gifting/executive-leadership,use-case-landing,landing page copy,gifting,evergreen,2,none,targeted,Declared secondary keyword of /gifting/executive-leadership.
logo branded gift sets,All,All,SEO Keywords,commercial investigation,middle,secondary,/guides/logo-branding-on-corporate-gifts,guide,buying guide,guides,evergreen,2,none,targeted,Declared secondary keyword of /guides/logo-branding-on-corporate-gifts.
logo printed corporate gifts,All,All,SEO Keywords,commercial investigation,bottom,primary,/guides/logo-branding-on-corporate-gifts,guide,buying guide,guides,evergreen,1,none,targeted,Declared primary keyword of /guides/logo-branding-on-corporate-gifts.
long service employee gifts,All,All,SEO Keywords,commercial investigation,middle,secondary,/gifting/employee-appreciation,use-case-landing,landing page copy,gifting,evergreen,2,none,targeted,Declared secondary keyword of /gifting/employee-appreciation.
mindful corporate gifting,All,All,SEO Keywords,commercial investigation,middle,supporting,/,homepage,homepage copy,brand,evergreen,2,medium,targeted,"Broad brand-level commercial term. Owned by the homepage by design -- category and product pages deliberately do not compete for head terms, they link upward to them."
minimalist corporate gifts,All,All,SEO Keywords,commercial investigation,middle,supporting,/,homepage,homepage copy,brand,evergreen,2,medium,targeted,"Broad brand-level commercial term. Owned by the homepage by design -- category and product pages deliberately do not compete for head terms, they link upward to them."
modern corporate gift sets,All,All,SEO Keywords,commercial investigation,middle,supporting,/,homepage,homepage copy,brand,evergreen,2,medium,targeted,"Broad brand-level commercial term. Owned by the homepage by design -- category and product pages deliberately do not compete for head terms, they link upward to them."
modern employee welcome kits,All,All,SEO Keywords,employee gifting,bottom,supporting,/gifting/employee-onboarding,use-case-landing,landing page copy,gifting,evergreen,2,low,targeted,Occasion/programme intent served by /gifting/employee-onboarding.
new hire experience kit,All,All,SEO Keywords,employee gifting,bottom,secondary,/guides/employee-welcome-kit-guide,guide,buying guide,guides,evergreen,2,none,targeted,Declared secondary keyword of /guides/employee-welcome-kit-guide.
notebook pen corporate gift,All,All,SEO Keywords,commercial investigation,middle,supporting,/,homepage,homepage copy,brand,evergreen,2,medium,targeted,"Broad brand-level commercial term. Owned by the homepage by design -- category and product pages deliberately do not compete for head terms, they link upward to them."
office desk gift set,All,All,SEO Keywords,product-specific,middle,supporting,/shop,listing,product listing,shop,evergreen,4,low,targeted,Generic browse term with no more specific owner; served by the full catalog listing.
office stationery gift set,All,All,SEO Keywords,product-specific,middle,supporting,/shop,listing,product listing,shop,evergreen,4,low,targeted,Generic browse term with no more specific owner; served by the full catalog listing.
people ops welcome kit,All,All,SEO Keywords,employee gifting,bottom,supporting,/gifting/employee-onboarding,use-case-landing,landing page copy,gifting,evergreen,2,low,targeted,Occasion/programme intent served by /gifting/employee-onboarding.
personalized employee onboarding,All,All,SEO Keywords,employee gifting,bottom,secondary,/gifting/employee-onboarding,use-case-landing,landing page copy,gifting,evergreen,2,none,targeted,Declared secondary keyword of /gifting/employee-onboarding.
personalized notebook pen gift set,All,All,SEO Keywords,product-specific,middle,supporting,/,homepage,homepage copy,brand,evergreen,2,medium,targeted,"Broad brand-level commercial term. Owned by the homepage by design -- category and product pages deliberately do not compete for head terms, they link upward to them."
personalized office gifts,All,All,SEO Keywords,product-specific,middle,supporting,/,homepage,homepage copy,brand,evergreen,2,medium,targeted,"Broad brand-level commercial term. Owned by the homepage by design -- category and product pages deliberately do not compete for head terms, they link upward to them."
premium minimalist gifts,All,All,SEO Keywords,commercial investigation,middle,supporting,/categories/premium-gifts,category,category page copy,premium-gifts,evergreen,2,low,targeted,Cluster-level variation supported by the category page /categories/premium-gifts.
professional welcome kit,All,All,SEO Keywords,employee gifting,bottom,supporting,/gifting/employee-onboarding,use-case-landing,landing page copy,gifting,evergreen,2,low,targeted,Occasion/programme intent served by /gifting/employee-onboarding.
promotion gifts for employees,All,All,SEO Keywords,commercial investigation,middle,secondary,/occasions/work-anniversary-milestones,seasonal-landing,landing page copy,occasions,seasonal,2,none,targeted,Declared secondary keyword of /occasions/work-anniversary-milestones.
sales incentive gift sets,All,All,SEO Keywords,commercial investigation,middle,secondary,/gifting/dealer-channel-partner,use-case-landing,landing page copy,gifting,evergreen,2,none,targeted,Declared secondary keyword of /gifting/dealer-channel-partner.
scalable corporate gifting,All,All,SEO Keywords,commercial investigation,middle,secondary,/gifting/bulk-corporate-gifting,use-case-landing,landing page copy,gifting,evergreen,2,none,targeted,Declared secondary keyword of /gifting/bulk-corporate-gifting.
speaker gift set,All,All,SEO Keywords,product-specific,bottom,secondary,/gifting/events-conferences,use-case-landing,landing page copy,gifting,evergreen,2,none,targeted,Declared secondary keyword of /gifting/events-conferences.
sustainable employee experience,All,All,SEO Keywords,sustainability,middle,supporting,/categories/eco-gifts,category,category page copy,eco-gifts,evergreen,2,low,targeted,Cluster-level variation supported by the category page /categories/eco-gifts.
team offsite gifts,All,All,SEO Keywords,commercial investigation,middle,supporting,/shop,listing,product listing,shop,evergreen,4,low,targeted,Generic browse term with no more specific owner; served by the full catalog listing.
thoughtful corporate gifting,All,All,SEO Keywords,commercial investigation,middle,secondary,/guides/corporate-gifting-guide,guide,buying guide,guides,evergreen,2,none,targeted,Declared secondary keyword of /guides/corporate-gifting-guide.
useful corporate gifts,All,All,SEO Keywords,commercial investigation,middle,supporting,/,homepage,homepage copy,brand,evergreen,2,medium,targeted,"Broad brand-level commercial term. Owned by the homepage by design -- category and product pages deliberately do not compete for head terms, they link upward to them."
work anniversary corporate gifts,All,All,SEO Keywords,commercial investigation,bottom,primary,/occasions/work-anniversary-milestones,seasonal-landing,landing page copy,occasions,seasonal,1,none,targeted,Declared primary keyword of /occasions/work-anniversary-milestones.
work from home employee gifts,All,All,SEO Keywords,commercial investigation,middle,supporting,/shop,listing,product listing,shop,evergreen,4,low,targeted,Generic browse term with no more specific owner; served by the full catalog listing.
workplace gifting ideas,All,All,SEO Keywords,informational,top,secondary,/guides/corporate-gifting-guide,guide,buying guide,guides,evergreen,2,none,targeted,Declared secondary keyword of /guides/corporate-gifting-guide.
corporate gifting for Gen Z employees,All Categories,Cross-Industry,SEO Keywords,commercial investigation,middle,supporting,/,homepage,homepage copy,brand,evergreen,2,medium,targeted,"Broad brand-level commercial term. Owned by the homepage by design -- category and product pages deliberately do not compete for head terms, they link upward to them."
corporate gifting for client retention,All Categories,Cross-Industry,SEO Keywords,client gifting,bottom,secondary,/guides/client-gifting-guide,guide,buying guide,guides,evergreen,2,none,targeted,Declared secondary keyword of /guides/client-gifting-guide.
corporate gifting for hybrid teams,All Categories,Cross-Industry,SEO Keywords,commercial investigation,middle,supporting,/,homepage,homepage copy,brand,evergreen,2,medium,targeted,"Broad brand-level commercial term. Owned by the homepage by design -- category and product pages deliberately do not compete for head terms, they link upward to them."
corporate gifting for remote employees,All Categories,Cross-Industry,SEO Keywords,commercial investigation,middle,supporting,/,homepage,homepage copy,brand,evergreen,2,medium,targeted,"Broad brand-level commercial term. Owned by the homepage by design -- category and product pages deliberately do not compete for head terms, they link upward to them."
curated corporate gift experience India,All Categories,Cross-Industry,SEO Keywords,commercial investigation,middle,supporting,/,homepage,homepage copy,brand,evergreen,2,medium,targeted,"Broad brand-level commercial term. Owned by the homepage by design -- category and product pages deliberately do not compete for head terms, they link upward to them."
modern corporate gifting ideas India,All Categories,Cross-Industry,SEO Keywords,informational,top,secondary,/guides/corporate-gifting-guide,guide,buying guide,guides,evergreen,2,none,targeted,Declared secondary keyword of /guides/corporate-gifting-guide.
personalized corporate gifting India 2026,All Categories,Cross-Industry,SEO Keywords,product-specific,middle,supporting,/,homepage,homepage copy,brand,evergreen,2,medium,targeted,"Broad brand-level commercial term. Owned by the homepage by design -- category and product pages deliberately do not compete for head terms, they link upward to them."
recipient personalized corporate gifts,All Categories,Cross-Industry,SEO Keywords,product-specific,middle,supporting,/,homepage,homepage copy,brand,evergreen,2,medium,targeted,"Broad brand-level commercial term. Owned by the homepage by design -- category and product pages deliberately do not compete for head terms, they link upward to them."
sustainable corporate gifting for MNCs,All Categories,Cross-Industry,SEO Keywords,sustainability,middle,supporting,/categories/eco-gifts,category,category page copy,eco-gifts,evergreen,2,low,targeted,Cluster-level variation supported by the category page /categories/eco-gifts.
year round employee gifting program,All Categories,Cross-Industry,SEO Keywords,commercial investigation,middle,secondary,/guides/corporate-gifting-guide,guide,buying guide,guides,evergreen,2,none,targeted,Declared secondary keyword of /guides/corporate-gifting-guide.
ESG corporate gifts,Eco-Friendly Kits,All,SEO Keywords,sustainability,middle,supporting,/categories/eco-gifts,category,category page copy,eco-gifts,evergreen,2,low,targeted,Cluster-level variation supported by the category page /categories/eco-gifts.
bamboo corporate gifts,Eco-Friendly Kits,All,SEO Keywords,commercial investigation,none,none,,none,none,excluded,evergreen,4,none,not-targeted,"Describes a product type (""bamboo"") that is not in the catalog, which is stationery, pens, journals, folios and planners. Ranking for it would mean publishing specifications for goods we do not sell. Revisit if the range expands."
eco friendly branded gifts,Eco-Friendly Kits,All,SEO Keywords,sustainability,middle,secondary,/guides/eco-friendly-corporate-gifting,guide,buying guide,guides,evergreen,2,none,targeted,Declared secondary keyword of /guides/eco-friendly-corporate-gifting.
eco friendly corporate gift sets,Eco-Friendly Kits,All,SEO Keywords,sustainability,middle,secondary,/categories/eco-gifts,category,landing page copy,categories,evergreen,2,none,targeted,Declared secondary keyword of /categories/eco-gifts.
eco friendly employee gifts,Eco-Friendly Kits,All,SEO Keywords,sustainability,middle,supporting,/categories/eco-gifts,category,category page copy,eco-gifts,evergreen,2,low,targeted,Cluster-level variation supported by the category page /categories/eco-gifts.
eco friendly joining kits,Eco-Friendly Kits,All,SEO Keywords,employee gifting,bottom,supporting,/gifting/employee-onboarding,use-case-landing,landing page copy,gifting,evergreen,2,low,targeted,Occasion/programme intent served by /gifting/employee-onboarding.
eco friendly notebook pen set,Eco-Friendly Kits,All,SEO Keywords,sustainability,middle,supporting,/categories/eco-gifts,category,category page copy,eco-gifts,evergreen,2,low,targeted,Cluster-level variation supported by the category page /categories/eco-gifts.
eco friendly office gifts,Eco-Friendly Kits,All,SEO Keywords,sustainability,middle,supporting,/categories/eco-gifts,category,category page copy,eco-gifts,evergreen,2,low,targeted,Cluster-level variation supported by the category page /categories/eco-gifts.
eco friendly onboarding kits,Eco-Friendly Kits,All,SEO Keywords,employee gifting,bottom,supporting,/gifting/employee-onboarding,use-case-landing,landing page copy,gifting,evergreen,2,low,targeted,Occasion/programme intent served by /gifting/employee-onboarding.
eco friendly personalized gifts,Eco-Friendly Kits,All,SEO Keywords,sustainability,middle,supporting,/categories/eco-gifts,category,category page copy,eco-gifts,evergreen,2,low,targeted,Cluster-level variation supported by the category page /categories/eco-gifts.
eco friendly stationery gift set,Eco-Friendly Kits,All,SEO Keywords,sustainability,middle,supporting,/categories/eco-gifts,category,category page copy,eco-gifts,evergreen,2,low,targeted,Cluster-level variation supported by the category page /categories/eco-gifts.
environment friendly corporate gifts,Eco-Friendly Kits,All,SEO Keywords,commercial investigation,middle,supporting,/categories/eco-gifts,category,category page copy,eco-gifts,evergreen,2,low,targeted,Cluster-level variation supported by the category page /categories/eco-gifts.
green corporate gifting,Eco-Friendly Kits,All,SEO Keywords,commercial investigation,middle,secondary,/categories/eco-gifts,category,landing page copy,categories,evergreen,2,none,targeted,Declared secondary keyword of /categories/eco-gifts.
sustainable corporate gifting India,Eco-Friendly Kits,All,SEO Keywords,sustainability,middle,supporting,/categories/eco-gifts,category,category page copy,eco-gifts,evergreen,2,low,targeted,Cluster-level variation supported by the category page /categories/eco-gifts.
sustainable corporate gifts,Eco-Friendly Kits,All,SEO Keywords,sustainability,middle,secondary,/categories/eco-gifts,category,landing page copy,categories,evergreen,2,none,targeted,Declared secondary keyword of /categories/eco-gifts.
sustainable employee onboarding kit,Eco-Friendly Kits,All,SEO Keywords,employee gifting,bottom,supporting,/gifting/employee-onboarding,use-case-landing,landing page copy,gifting,evergreen,2,low,targeted,Occasion/programme intent served by /gifting/employee-onboarding.
sustainable employee welcome kits,Eco-Friendly Kits,All,SEO Keywords,employee gifting,bottom,supporting,/gifting/employee-onboarding,use-case-landing,landing page copy,gifting,evergreen,2,low,targeted,Occasion/programme intent served by /gifting/employee-onboarding.
wooden corporate gifts,Eco-Friendly Kits,All,SEO Keywords,commercial investigation,middle,secondary,/categories/eco-gifts,category,landing page copy,categories,evergreen,2,none,targeted,Declared secondary keyword of /categories/eco-gifts.
zero waste corporate gifting,Eco-Friendly Kits,All,SEO Keywords,commercial investigation,middle,secondary,/guides/eco-friendly-corporate-gifting,guide,buying guide,guides,evergreen,2,none,targeted,Declared secondary keyword of /guides/eco-friendly-corporate-gifting.
ESG friendly employee gift kit India,Eco-Friendly Kits,ESG / Sustainability,SEO Keywords,sustainability,middle,supporting,/industries,hub,hub page copy,industries,evergreen,4,low,consolidated,"ESG / Sustainability has too few genuinely distinct keywords to fill a non-duplicative page, so it is covered in the 'Sectors covered without a dedicated page' section of /industries and routed to the matching use-case page. A page per industry tag here would be doorway-page behaviour."
bamboo corporate gift bundle,Eco-Friendly Kits,ESG / Sustainability,SEO Keywords,industry-specific,none,none,,none,none,excluded,evergreen,4,none,not-targeted,"Describes a product type (""bamboo"") that is not in the catalog, which is stationery, pens, journals, folios and planners. Ranking for it would mean publishing specifications for goods we do not sell. Revisit if the range expands."
eco conscious employee appreciation kit,Eco-Friendly Kits,ESG / Sustainability,SEO Keywords,sustainability,middle,supporting,/industries,hub,hub page copy,industries,evergreen,4,low,consolidated,"ESG / Sustainability has too few genuinely distinct keywords to fill a non-duplicative page, so it is covered in the 'Sectors covered without a dedicated page' section of /industries and routed to the matching use-case page. A page per industry tag here would be doorway-page behaviour."
organic cotton corporate gifting kit,Eco-Friendly Kits,ESG / Sustainability,SEO Keywords,industry-specific,none,none,,none,none,excluded,evergreen,4,none,not-targeted,"Describes a product type (""organic cotton"") that is not in the catalog, which is stationery, pens, journals, folios and planners. Ranking for it would mean publishing specifications for goods we do not sell. Revisit if the range expands."
plastic free corporate gift packaging,Eco-Friendly Kits,ESG / Sustainability,SEO Keywords,sustainability,middle,supporting,/industries,hub,hub page copy,industries,evergreen,4,low,consolidated,"ESG / Sustainability has too few genuinely distinct keywords to fill a non-duplicative page, so it is covered in the 'Sectors covered without a dedicated page' section of /industries and routed to the matching use-case page. A page per industry tag here would be doorway-page behaviour."
recycled material employee gift box,Eco-Friendly Kits,ESG / Sustainability,SEO Keywords,sustainability,middle,supporting,/industries,hub,hub page copy,industries,evergreen,4,low,consolidated,"ESG / Sustainability has too few genuinely distinct keywords to fill a non-duplicative page, so it is covered in the 'Sectors covered without a dedicated page' section of /industries and routed to the matching use-case page. A page per industry tag here would be doorway-page behaviour."
seed paper employee welcome kit,Eco-Friendly Kits,ESG / Sustainability,SEO Keywords,employee gifting,none,none,,none,none,excluded,evergreen,4,none,not-targeted,"Describes a product type (""seed paper"") that is not in the catalog, which is stationery, pens, journals, folios and planners. Ranking for it would mean publishing specifications for goods we do not sell. Revisit if the range expands."
sustainable employee welcome kit India,Eco-Friendly Kits,ESG / Sustainability,SEO Keywords,employee gifting,bottom,supporting,/industries,hub,hub page copy,industries,evergreen,4,low,consolidated,"ESG / Sustainability has too few genuinely distinct keywords to fill a non-duplicative page, so it is covered in the 'Sectors covered without a dedicated page' section of /industries and routed to the matching use-case page. A page per industry tag here would be doorway-page behaviour."
sustainable luxury gift box India,Eco-Friendly Kits,ESG / Sustainability,SEO Keywords,sustainability,middle,supporting,/industries,hub,hub page copy,industries,evergreen,4,low,consolidated,"ESG / Sustainability has too few genuinely distinct keywords to fill a non-duplicative page, so it is covered in the 'Sectors covered without a dedicated page' section of /industries and routed to the matching use-case page. A page per industry tag here would be doorway-page behaviour."
zero plastic corporate gift kit,Eco-Friendly Kits,ESG / Sustainability,SEO Keywords,industry-specific,middle,supporting,/industries,hub,hub page copy,industries,evergreen,4,low,consolidated,"ESG / Sustainability has too few genuinely distinct keywords to fill a non-duplicative page, so it is covered in the 'Sectors covered without a dedicated page' section of /industries and routed to the matching use-case page. A page per industry tag here would be doorway-page behaviour."
AI / Tech Startups eco friendly corporate gifts,Eco-Friendly Kits,AI / Tech Startups,SEO Keywords,sustainability,none,none,,none,none,excluded,evergreen,4,none,not-targeted,Machine-generated concatenation of the industry label and a generic term (retains the source spreadsheet's ' / ' separator). Not a phrase anyone types into a search engine; targeting it would produce copy no reader benefits from.
Automotive eco friendly corporate gifts,Eco-Friendly Kits,Automotive,SEO Keywords,sustainability,none,none,,none,none,excluded,evergreen,4,none,not-targeted,Machine-generated concatenation of the industry label and a generic term (retains the source spreadsheet's ' / ' separator). Not a phrase anyone types into a search engine; targeting it would produce copy no reader benefits from.
BFSI / Insurance eco friendly corporate gifts,Eco-Friendly Kits,BFSI / Insurance,SEO Keywords,sustainability,none,none,,none,none,excluded,evergreen,4,none,not-targeted,Machine-generated concatenation of the industry label and a generic term (retains the source spreadsheet's ' / ' separator). Not a phrase anyone types into a search engine; targeting it would produce copy no reader benefits from.
Banking eco friendly corporate gifts,Eco-Friendly Kits,Banking,SEO Keywords,sustainability,none,none,,none,none,excluded,evergreen,4,none,not-targeted,Machine-generated concatenation of the industry label and a generic term (retains the source spreadsheet's ' / ' separator). Not a phrase anyone types into a search engine; targeting it would produce copy no reader benefits from.
Coaching / EdTech eco friendly corporate gifts,Eco-Friendly Kits,Coaching / EdTech,SEO Keywords,sustainability,none,none,,none,none,excluded,evergreen,4,none,not-targeted,Machine-generated concatenation of the industry label and a generic term (retains the source spreadsheet's ' / ' separator). Not a phrase anyone types into a search engine; targeting it would produce copy no reader benefits from.
Construction / Infrastructure eco friendly corporate gifts,Eco-Friendly Kits,Construction / Infrastructure,SEO Keywords,sustainability,none,none,,none,none,excluded,evergreen,4,none,not-targeted,Machine-generated concatenation of the industry label and a generic term (retains the source spreadsheet's ' / ' separator). Not a phrase anyone types into a search engine; targeting it would produce copy no reader benefits from.
Consulting eco friendly corporate gifts,Eco-Friendly Kits,Consulting,SEO Keywords,sustainability,none,none,,none,none,excluded,evergreen,4,none,not-targeted,Machine-generated concatenation of the industry label and a generic term (retains the source spreadsheet's ' / ' separator). Not a phrase anyone types into a search engine; targeting it would produce copy no reader benefits from.
Coworking eco friendly corporate gifts,Eco-Friendly Kits,Coworking,SEO Keywords,sustainability,none,none,,none,none,excluded,evergreen,4,none,not-targeted,Machine-generated concatenation of the industry label and a generic term (retains the source spreadsheet's ' / ' separator). Not a phrase anyone types into a search engine; targeting it would produce copy no reader benefits from.
E-commerce eco friendly corporate gifts,Eco-Friendly Kits,E-commerce,SEO Keywords,sustainability,none,none,,none,none,excluded,evergreen,4,none,not-targeted,Machine-generated concatenation of the industry label and a generic term (retains the source spreadsheet's ' / ' separator). Not a phrase anyone types into a search engine; targeting it would produce copy no reader benefits from.
Education eco friendly corporate gifts,Eco-Friendly Kits,Education,SEO Keywords,sustainability,none,none,,none,none,excluded,evergreen,4,none,not-targeted,Machine-generated concatenation of the industry label and a generic term (retains the source spreadsheet's ' / ' separator). Not a phrase anyone types into a search engine; targeting it would produce copy no reader benefits from.
Events / Conferences eco friendly corporate gifts,Eco-Friendly Kits,Events / Conferences,SEO Keywords,event gifting,none,none,,none,none,excluded,evergreen,4,none,not-targeted,Machine-generated concatenation of the industry label and a generic term (retains the source spreadsheet's ' / ' separator). Not a phrase anyone types into a search engine; targeting it would produce copy no reader benefits from.
Finance / Investment eco friendly corporate gifts,Eco-Friendly Kits,Finance / Investment,SEO Keywords,sustainability,none,none,,none,none,excluded,evergreen,4,none,not-targeted,Machine-generated concatenation of the industry label and a generic term (retains the source spreadsheet's ' / ' separator). Not a phrase anyone types into a search engine; targeting it would produce copy no reader benefits from.
Fintech eco friendly corporate gifts,Eco-Friendly Kits,Fintech,SEO Keywords,sustainability,none,none,,none,none,excluded,evergreen,4,none,not-targeted,Machine-generated concatenation of the industry label and a generic term (retains the source spreadsheet's ' / ' separator). Not a phrase anyone types into a search engine; targeting it would produce copy no reader benefits from.
Government / PSU eco friendly corporate gifts,Eco-Friendly Kits,Government / PSU,SEO Keywords,sustainability,none,none,,none,none,excluded,evergreen,4,none,not-targeted,Machine-generated concatenation of the industry label and a generic term (retains the source spreadsheet's ' / ' separator). Not a phrase anyone types into a search engine; targeting it would produce copy no reader benefits from.
Healthcare eco friendly corporate gifts,Eco-Friendly Kits,Healthcare,SEO Keywords,sustainability,none,none,,none,none,excluded,evergreen,4,none,not-targeted,Machine-generated concatenation of the industry label and a generic term (retains the source spreadsheet's ' / ' separator). Not a phrase anyone types into a search engine; targeting it would produce copy no reader benefits from.
Hospitality / Travel eco friendly corporate gifts,Eco-Friendly Kits,Hospitality / Travel,SEO Keywords,sustainability,none,none,,none,none,excluded,evergreen,4,none,not-targeted,Machine-generated concatenation of the industry label and a generic term (retains the source spreadsheet's ' / ' separator). Not a phrase anyone types into a search engine; targeting it would produce copy no reader benefits from.
IT eco friendly corporate gifts,Eco-Friendly Kits,IT,SEO Keywords,sustainability,none,none,,none,none,excluded,evergreen,4,none,not-targeted,Machine-generated concatenation of the industry label and a generic term (retains the source spreadsheet's ' / ' separator). Not a phrase anyone types into a search engine; targeting it would produce copy no reader benefits from.
Legal eco friendly corporate gifts,Eco-Friendly Kits,Legal,SEO Keywords,sustainability,none,none,,none,none,excluded,evergreen,4,none,not-targeted,Machine-generated concatenation of the industry label and a generic term (retains the source spreadsheet's ' / ' separator). Not a phrase anyone types into a search engine; targeting it would produce copy no reader benefits from.
Logistics eco friendly corporate gifts,Eco-Friendly Kits,Logistics,SEO Keywords,sustainability,none,none,,none,none,excluded,evergreen,4,none,not-targeted,Machine-generated concatenation of the industry label and a generic term (retains the source spreadsheet's ' / ' separator). Not a phrase anyone types into a search engine; targeting it would produce copy no reader benefits from.
Manufacturing eco friendly corporate gifts,Eco-Friendly Kits,Manufacturing,SEO Keywords,sustainability,none,none,,none,none,excluded,evergreen,4,none,not-targeted,Machine-generated concatenation of the industry label and a generic term (retains the source spreadsheet's ' / ' separator). Not a phrase anyone types into a search engine; targeting it would produce copy no reader benefits from.
Media / Marketing eco friendly corporate gifts,Eco-Friendly Kits,Media / Marketing,SEO Keywords,sustainability,none,none,,none,none,excluded,evergreen,4,none,not-targeted,Machine-generated concatenation of the industry label and a generic term (retains the source spreadsheet's ' / ' separator). Not a phrase anyone types into a search engine; targeting it would produce copy no reader benefits from.
Pharma eco friendly corporate gifts,Eco-Friendly Kits,Pharma,SEO Keywords,sustainability,none,none,,none,none,excluded,evergreen,4,none,not-targeted,Machine-generated concatenation of the industry label and a generic term (retains the source spreadsheet's ' / ' separator). Not a phrase anyone types into a search engine; targeting it would produce copy no reader benefits from.
Real Estate eco friendly corporate gifts,Eco-Friendly Kits,Real Estate,SEO Keywords,sustainability,none,none,,none,none,excluded,evergreen,4,none,not-targeted,Machine-generated concatenation of the industry label and a generic term (retains the source spreadsheet's ' / ' separator). Not a phrase anyone types into a search engine; targeting it would produce copy no reader benefits from.
Recruitment / HR eco friendly corporate gifts,Eco-Friendly Kits,Recruitment / HR,SEO Keywords,sustainability,none,none,,none,none,excluded,evergreen,4,none,not-targeted,Machine-generated concatenation of the industry label and a generic term (retains the source spreadsheet's ' / ' separator). Not a phrase anyone types into a search engine; targeting it would produce copy no reader benefits from.
Renewable Energy / ESG eco friendly corporate gifts,Eco-Friendly Kits,Renewable Energy / ESG,SEO Keywords,sustainability,none,none,,none,none,excluded,evergreen,4,none,not-targeted,Machine-generated concatenation of the industry label and a generic term (retains the source spreadsheet's ' / ' separator). Not a phrase anyone types into a search engine; targeting it would produce copy no reader benefits from.
Software / SaaS eco friendly corporate gifts,Eco-Friendly Kits,Software / SaaS,SEO Keywords,sustainability,none,none,,none,none,excluded,evergreen,4,none,not-targeted,Machine-generated concatenation of the industry label and a generic term (retains the source spreadsheet's ' / ' separator). Not a phrase anyone types into a search engine; targeting it would produce copy no reader benefits from.
Telecom eco friendly corporate gifts,Eco-Friendly Kits,Telecom,SEO Keywords,sustainability,none,none,,none,none,excluded,evergreen,4,none,not-targeted,Machine-generated concatenation of the industry label and a generic term (retains the source spreadsheet's ' / ' separator). Not a phrase anyone types into a search engine; targeting it would produce copy no reader benefits from.
3 piece client appreciation gift set,Joining / Premium / Luxury / Eco,Cross-Industry,SEO Keywords + 3-6 Piece Keywords,client gifting,bottom,secondary,/gift-sets/3-piece-corporate-gift-sets,collection-landing,landing page copy,gift-sets,evergreen,2,none,targeted,Declared secondary keyword of /gift-sets/3-piece-corporate-gift-sets.
3 piece conference welcome kit,Joining / Premium / Luxury / Eco,Cross-Industry,SEO Keywords + 3-6 Piece Keywords,employee gifting,bottom,secondary,/gift-sets/3-piece-corporate-gift-sets,collection-landing,landing page copy,gift-sets,evergreen,2,none,targeted,Declared secondary keyword of /gift-sets/3-piece-corporate-gift-sets.
3 piece corporate joining kit,Joining / Premium / Luxury / Eco,Cross-Industry,SEO Keywords + 3-6 Piece Keywords,employee gifting,bottom,secondary,/gift-sets/3-piece-corporate-gift-sets,collection-landing,landing page copy,gift-sets,evergreen,2,none,targeted,Declared secondary keyword of /gift-sets/3-piece-corporate-gift-sets.
3 piece eco friendly corporate gift set,Joining / Premium / Luxury / Eco,Cross-Industry,SEO Keywords + 3-6 Piece Keywords,sustainability,middle,secondary,/gift-sets/3-piece-corporate-gift-sets,collection-landing,landing page copy,gift-sets,evergreen,2,none,targeted,Declared secondary keyword of /gift-sets/3-piece-corporate-gift-sets.
3 piece employee welcome kit,Joining / Premium / Luxury / Eco,Cross-Industry,SEO Keywords + 3-6 Piece Keywords,employee gifting,bottom,secondary,/gift-sets/3-piece-corporate-gift-sets,collection-landing,landing page copy,gift-sets,evergreen,2,none,targeted,Declared secondary keyword of /gift-sets/3-piece-corporate-gift-sets.
3 piece luxury corporate gift set,Joining / Premium / Luxury / Eco,Cross-Industry,SEO Keywords + 3-6 Piece Keywords,product-specific,bottom,supporting,/gift-sets/3-piece-corporate-gift-sets,collection-landing,landing page copy,gift-sets,evergreen,3,low,consolidated,"One of ~200 {3-6} x {industry} x {kit wording} permutations sharing a single intent. Consolidated onto /gift-sets/3-piece-corporate-gift-sets, with the industry angle covered on /industries. Building a page per permutation would create near-identical doorway pages."
3 piece personalized onboarding kit,Joining / Premium / Luxury / Eco,Cross-Industry,SEO Keywords + 3-6 Piece Keywords,employee gifting,bottom,secondary,/gift-sets/3-piece-corporate-gift-sets,collection-landing,landing page copy,gift-sets,evergreen,2,none,targeted,Declared secondary keyword of /gift-sets/3-piece-corporate-gift-sets.
3 piece premium corporate gift set,Joining / Premium / Luxury / Eco,Cross-Industry,SEO Keywords + 3-6 Piece Keywords,product-specific,bottom,supporting,/gift-sets/3-piece-corporate-gift-sets,collection-landing,landing page copy,gift-sets,evergreen,3,low,consolidated,"One of ~200 {3-6} x {industry} x {kit wording} permutations sharing a single intent. Consolidated onto /gift-sets/3-piece-corporate-gift-sets, with the industry angle covered on /industries. Building a page per permutation would create near-identical doorway pages."
3 piece startup welcome kit,Joining / Premium / Luxury / Eco,Cross-Industry,SEO Keywords + 3-6 Piece Keywords,employee gifting,bottom,supporting,/gift-sets/3-piece-corporate-gift-sets,collection-landing,landing page copy,gift-sets,evergreen,3,low,consolidated,"One of ~200 {3-6} x {industry} x {kit wording} permutations sharing a single intent. Consolidated onto /gift-sets/3-piece-corporate-gift-sets, with the industry angle covered on /industries. Building a page per permutation would create near-identical doorway pages."
3 piece tech gift set for employees,Joining / Premium / Luxury / Eco,Cross-Industry,SEO Keywords + 3-6 Piece Keywords,product-specific,bottom,supporting,/gift-sets/3-piece-corporate-gift-sets,collection-landing,landing page copy,gift-sets,evergreen,3,low,consolidated,"One of ~200 {3-6} x {industry} x {kit wording} permutations sharing a single intent. Consolidated onto /gift-sets/3-piece-corporate-gift-sets, with the industry angle covered on /industries. Building a page per permutation would create near-identical doorway pages."
4 piece client appreciation gift set,Joining / Premium / Luxury / Eco,Cross-Industry,SEO Keywords + 3-6 Piece Keywords,client gifting,bottom,secondary,/gift-sets/4-piece-corporate-gift-sets,collection-landing,landing page copy,gift-sets,evergreen,2,none,targeted,Declared secondary keyword of /gift-sets/4-piece-corporate-gift-sets.
4 piece conference welcome kit,Joining / Premium / Luxury / Eco,Cross-Industry,SEO Keywords + 3-6 Piece Keywords,employee gifting,bottom,secondary,/gift-sets/4-piece-corporate-gift-sets,collection-landing,landing page copy,gift-sets,evergreen,2,none,targeted,Declared secondary keyword of /gift-sets/4-piece-corporate-gift-sets.
4 piece corporate joining kit,Joining / Premium / Luxury / Eco,Cross-Industry,SEO Keywords + 3-6 Piece Keywords,employee gifting,bottom,secondary,/gift-sets/4-piece-corporate-gift-sets,collection-landing,landing page copy,gift-sets,evergreen,2,none,targeted,Declared secondary keyword of /gift-sets/4-piece-corporate-gift-sets.
4 piece eco friendly corporate gift set,Joining / Premium / Luxury / Eco,Cross-Industry,SEO Keywords + 3-6 Piece Keywords,sustainability,middle,supporting,/gift-sets/4-piece-corporate-gift-sets,collection-landing,landing page copy,gift-sets,evergreen,3,low,consolidated,"One of ~200 {3-6} x {industry} x {kit wording} permutations sharing a single intent. Consolidated onto /gift-sets/4-piece-corporate-gift-sets, with the industry angle covered on /industries. Building a page per permutation would create near-identical doorway pages."
4 piece employee welcome kit,Joining / Premium / Luxury / Eco,Cross-Industry,SEO Keywords + 3-6 Piece Keywords,employee gifting,bottom,secondary,/gift-sets/4-piece-corporate-gift-sets,collection-landing,landing page copy,gift-sets,evergreen,2,none,targeted,Declared secondary keyword of /gift-sets/4-piece-corporate-gift-sets.
4 piece luxury corporate gift set,Joining / Premium / Luxury / Eco,Cross-Industry,SEO Keywords + 3-6 Piece Keywords,product-specific,bottom,supporting,/gift-sets/4-piece-corporate-gift-sets,collection-landing,landing page copy,gift-sets,evergreen,3,low,consolidated,"One of ~200 {3-6} x {industry} x {kit wording} permutations sharing a single intent. Consolidated onto /gift-sets/4-piece-corporate-gift-sets, with the industry angle covered on /industries. Building a page per permutation would create near-identical doorway pages."
4 piece personalized onboarding kit,Joining / Premium / Luxury / Eco,Cross-Industry,SEO Keywords + 3-6 Piece Keywords,employee gifting,bottom,secondary,/gift-sets/4-piece-corporate-gift-sets,collection-landing,landing page copy,gift-sets,evergreen,2,none,targeted,Declared secondary keyword of /gift-sets/4-piece-corporate-gift-sets.
4 piece premium corporate gift set,Joining / Premium / Luxury / Eco,Cross-Industry,SEO Keywords + 3-6 Piece Keywords,product-specific,bottom,secondary,/gift-sets/4-piece-corporate-gift-sets,collection-landing,landing page copy,gift-sets,evergreen,2,none,targeted,Declared secondary keyword of /gift-sets/4-piece-corporate-gift-sets.
4 piece startup welcome kit,Joining / Premium / Luxury / Eco,Cross-Industry,SEO Keywords + 3-6 Piece Keywords,employee gifting,bottom,supporting,/gift-sets/4-piece-corporate-gift-sets,collection-landing,landing page copy,gift-sets,evergreen,3,low,consolidated,"One of ~200 {3-6} x {industry} x {kit wording} permutations sharing a single intent. Consolidated onto /gift-sets/4-piece-corporate-gift-sets, with the industry angle covered on /industries. Building a page per permutation would create near-identical doorway pages."
4 piece tech gift set for employees,Joining / Premium / Luxury / Eco,Cross-Industry,SEO Keywords + 3-6 Piece Keywords,product-specific,bottom,supporting,/gift-sets/4-piece-corporate-gift-sets,collection-landing,landing page copy,gift-sets,evergreen,3,low,consolidated,"One of ~200 {3-6} x {industry} x {kit wording} permutations sharing a single intent. Consolidated onto /gift-sets/4-piece-corporate-gift-sets, with the industry angle covered on /industries. Building a page per permutation would create near-identical doorway pages."
5 piece client appreciation gift set,Joining / Premium / Luxury / Eco,Cross-Industry,SEO Keywords + 3-6 Piece Keywords,client gifting,bottom,secondary,/gift-sets/5-piece-corporate-gift-sets,collection-landing,landing page copy,gift-sets,evergreen,2,none,targeted,Declared secondary keyword of /gift-sets/5-piece-corporate-gift-sets.
5 piece conference welcome kit,Joining / Premium / Luxury / Eco,Cross-Industry,SEO Keywords + 3-6 Piece Keywords,employee gifting,bottom,supporting,/gift-sets/5-piece-corporate-gift-sets,collection-landing,landing page copy,gift-sets,evergreen,3,low,consolidated,"One of ~200 {3-6} x {industry} x {kit wording} permutations sharing a single intent. Consolidated onto /gift-sets/5-piece-corporate-gift-sets, with the industry angle covered on /industries. Building a page per permutation would create near-identical doorway pages."
5 piece corporate joining kit,Joining / Premium / Luxury / Eco,Cross-Industry,SEO Keywords + 3-6 Piece Keywords,employee gifting,bottom,secondary,/gift-sets/5-piece-corporate-gift-sets,collection-landing,landing page copy,gift-sets,evergreen,2,none,targeted,Declared secondary keyword of /gift-sets/5-piece-corporate-gift-sets.
5 piece eco friendly corporate gift set,Joining / Premium / Luxury / Eco,Cross-Industry,SEO Keywords + 3-6 Piece Keywords,sustainability,middle,supporting,/gift-sets/5-piece-corporate-gift-sets,collection-landing,landing page copy,gift-sets,evergreen,3,low,consolidated,"One of ~200 {3-6} x {industry} x {kit wording} permutations sharing a single intent. Consolidated onto /gift-sets/5-piece-corporate-gift-sets, with the industry angle covered on /industries. Building a page per permutation would create near-identical doorway pages."
5 piece employee welcome kit,Joining / Premium / Luxury / Eco,Cross-Industry,SEO Keywords + 3-6 Piece Keywords,employee gifting,bottom,secondary,/gift-sets/5-piece-corporate-gift-sets,collection-landing,landing page copy,gift-sets,evergreen,2,none,targeted,Declared secondary keyword of /gift-sets/5-piece-corporate-gift-sets.
5 piece luxury corporate gift set,Joining / Premium / Luxury / Eco,Cross-Industry,SEO Keywords + 3-6 Piece Keywords,product-specific,bottom,secondary,/gift-sets/5-piece-corporate-gift-sets,collection-landing,landing page copy,gift-sets,evergreen,2,none,targeted,Declared secondary keyword of /gift-sets/5-piece-corporate-gift-sets.
5 piece personalized onboarding kit,Joining / Premium / Luxury / Eco,Cross-Industry,SEO Keywords + 3-6 Piece Keywords,employee gifting,bottom,secondary,/gift-sets/5-piece-corporate-gift-sets,collection-landing,landing page copy,gift-sets,evergreen,2,none,targeted,Declared secondary keyword of /gift-sets/5-piece-corporate-gift-sets.
5 piece premium corporate gift set,Joining / Premium / Luxury / Eco,Cross-Industry,SEO Keywords + 3-6 Piece Keywords,product-specific,bottom,secondary,/gift-sets/5-piece-corporate-gift-sets,collection-landing,landing page copy,gift-sets,evergreen,2,none,targeted,Declared secondary keyword of /gift-sets/5-piece-corporate-gift-sets.
5 piece startup welcome kit,Joining / Premium / Luxury / Eco,Cross-Industry,SEO Keywords + 3-6 Piece Keywords,employee gifting,bottom,supporting,/gift-sets/5-piece-corporate-gift-sets,collection-landing,landing page copy,gift-sets,evergreen,3,low,consolidated,"One of ~200 {3-6} x {industry} x {kit wording} permutations sharing a single intent. Consolidated onto /gift-sets/5-piece-corporate-gift-sets, with the industry angle covered on /industries. Building a page per permutation would create near-identical doorway pages."
5 piece tech gift set for employees,Joining / Premium / Luxury / Eco,Cross-Industry,SEO Keywords + 3-6 Piece Keywords,product-specific,bottom,supporting,/gift-sets/5-piece-corporate-gift-sets,collection-landing,landing page copy,gift-sets,evergreen,3,low,consolidated,"One of ~200 {3-6} x {industry} x {kit wording} permutations sharing a single intent. Consolidated onto /gift-sets/5-piece-corporate-gift-sets, with the industry angle covered on /industries. Building a page per permutation would create near-identical doorway pages."
6 piece client appreciation gift set,Joining / Premium / Luxury / Eco,Cross-Industry,SEO Keywords + 3-6 Piece Keywords,client gifting,bottom,secondary,/gift-sets/6-piece-corporate-gift-sets,collection-landing,landing page copy,gift-sets,evergreen,2,none,targeted,Declared secondary keyword of /gift-sets/6-piece-corporate-gift-sets.
6 piece conference welcome kit,Joining / Premium / Luxury / Eco,Cross-Industry,SEO Keywords + 3-6 Piece Keywords,employee gifting,bottom,supporting,/gift-sets/6-piece-corporate-gift-sets,collection-landing,landing page copy,gift-sets,evergreen,3,low,consolidated,"One of ~200 {3-6} x {industry} x {kit wording} permutations sharing a single intent. Consolidated onto /gift-sets/6-piece-corporate-gift-sets, with the industry angle covered on /industries. Building a page per permutation would create near-identical doorway pages."
6 piece corporate joining kit,Joining / Premium / Luxury / Eco,Cross-Industry,SEO Keywords + 3-6 Piece Keywords,employee gifting,bottom,secondary,/gift-sets/6-piece-corporate-gift-sets,collection-landing,landing page copy,gift-sets,evergreen,2,none,targeted,Declared secondary keyword of /gift-sets/6-piece-corporate-gift-sets.
6 piece eco friendly corporate gift set,Joining / Premium / Luxury / Eco,Cross-Industry,SEO Keywords + 3-6 Piece Keywords,sustainability,middle,supporting,/gift-sets/6-piece-corporate-gift-sets,collection-landing,landing page copy,gift-sets,evergreen,3,low,consolidated,"One of ~200 {3-6} x {industry} x {kit wording} permutations sharing a single intent. Consolidated onto /gift-sets/6-piece-corporate-gift-sets, with the industry angle covered on /industries. Building a page per permutation would create near-identical doorway pages."
6 piece employee welcome kit,Joining / Premium / Luxury / Eco,Cross-Industry,SEO Keywords + 3-6 Piece Keywords,employee gifting,bottom,secondary,/gift-sets/6-piece-corporate-gift-sets,collection-landing,landing page copy,gift-sets,evergreen,2,none,targeted,Declared secondary keyword of /gift-sets/6-piece-corporate-gift-sets.
6 piece luxury corporate gift set,Joining / Premium / Luxury / Eco,Cross-Industry,SEO Keywords + 3-6 Piece Keywords,product-specific,bottom,secondary,/gift-sets/6-piece-corporate-gift-sets,collection-landing,landing page copy,gift-sets,evergreen,2,none,targeted,Declared secondary keyword of /gift-sets/6-piece-corporate-gift-sets.
6 piece personalized onboarding kit,Joining / Premium / Luxury / Eco,Cross-Industry,SEO Keywords + 3-6 Piece Keywords,employee gifting,bottom,secondary,/gift-sets/6-piece-corporate-gift-sets,collection-landing,landing page copy,gift-sets,evergreen,2,none,targeted,Declared secondary keyword of /gift-sets/6-piece-corporate-gift-sets.
6 piece premium corporate gift set,Joining / Premium / Luxury / Eco,Cross-Industry,SEO Keywords + 3-6 Piece Keywords,product-specific,bottom,secondary,/gift-sets/6-piece-corporate-gift-sets,collection-landing,landing page copy,gift-sets,evergreen,2,none,targeted,Declared secondary keyword of /gift-sets/6-piece-corporate-gift-sets.
6 piece startup welcome kit,Joining / Premium / Luxury / Eco,Cross-Industry,SEO Keywords + 3-6 Piece Keywords,employee gifting,bottom,supporting,/gift-sets/6-piece-corporate-gift-sets,collection-landing,landing page copy,gift-sets,evergreen,3,low,consolidated,"One of ~200 {3-6} x {industry} x {kit wording} permutations sharing a single intent. Consolidated onto /gift-sets/6-piece-corporate-gift-sets, with the industry angle covered on /industries. Building a page per permutation would create near-identical doorway pages."
6 piece tech gift set for employees,Joining / Premium / Luxury / Eco,Cross-Industry,SEO Keywords + 3-6 Piece Keywords,product-specific,bottom,supporting,/gift-sets/6-piece-corporate-gift-sets,collection-landing,landing page copy,gift-sets,evergreen,3,low,consolidated,"One of ~200 {3-6} x {industry} x {kit wording} permutations sharing a single intent. Consolidated onto /gift-sets/6-piece-corporate-gift-sets, with the industry angle covered on /industries. Building a page per permutation would create near-identical doorway pages."
HR onboarding kit,Joining Kits,All,SEO Keywords,employee gifting,bottom,secondary,/categories/joining-gifts,category,landing page copy,categories,evergreen,2,none,targeted,Declared secondary keyword of /categories/joining-gifts.
IT employee joining kit,Joining Kits,All,SEO Keywords,employee gifting,bottom,supporting,/gifting/employee-onboarding,use-case-landing,landing page copy,gifting,evergreen,2,low,targeted,Occasion/programme intent served by /gifting/employee-onboarding.
branded employee welcome kit,Joining Kits,All,SEO Keywords,employee gifting,bottom,secondary,/categories/joining-gifts,category,landing page copy,categories,evergreen,2,none,targeted,Declared secondary keyword of /categories/joining-gifts.
bulk employee joining kits,Joining Kits,All,SEO Keywords,bulk purchase,bottom,secondary,/categories/joining-gifts,category,landing page copy,categories,evergreen,2,none,targeted,Declared secondary keyword of /categories/joining-gifts.
corporate onboarding welcome kit,Joining Kits,All,SEO Keywords,employee gifting,bottom,supporting,/gifting/employee-onboarding,use-case-landing,landing page copy,gifting,evergreen,2,low,targeted,Occasion/programme intent served by /gifting/employee-onboarding.
custom employee joining kit,Joining Kits,All,SEO Keywords,employee gifting,bottom,supporting,/gifting/employee-onboarding,use-case-landing,landing page copy,gifting,evergreen,2,low,targeted,Occasion/programme intent served by /gifting/employee-onboarding.
employee induction gift kit,Joining Kits,All,SEO Keywords,employee gifting,bottom,supporting,/gifting/employee-onboarding,use-case-landing,landing page copy,gifting,evergreen,2,low,targeted,Occasion/programme intent served by /gifting/employee-onboarding.
employee joining kits,Joining Kits,All,SEO Keywords,employee gifting,bottom,supporting,/gifting/employee-onboarding,use-case-landing,landing page copy,gifting,evergreen,2,low,targeted,Occasion/programme intent served by /gifting/employee-onboarding.
employee onboarding gift set,Joining Kits,All,SEO Keywords,employee gifting,bottom,supporting,/gifting/employee-onboarding,use-case-landing,landing page copy,gifting,evergreen,2,low,targeted,Occasion/programme intent served by /gifting/employee-onboarding.
employee welcome kit with notebook and pen,Joining Kits,All,SEO Keywords,employee gifting,bottom,supporting,/gifting/employee-onboarding,use-case-landing,landing page copy,gifting,evergreen,2,low,targeted,Occasion/programme intent served by /gifting/employee-onboarding.
joining kits for employees,Joining Kits,All,SEO Keywords,employee gifting,bottom,supporting,/gifting/employee-onboarding,use-case-landing,landing page copy,gifting,evergreen,2,low,targeted,Occasion/programme intent served by /gifting/employee-onboarding.
new hire corporate gifts,Joining Kits,All,SEO Keywords,employee gifting,bottom,supporting,/gifting/employee-onboarding,use-case-landing,landing page copy,gifting,evergreen,2,low,targeted,Occasion/programme intent served by /gifting/employee-onboarding.
new joinee corporate kit,Joining Kits,All,SEO Keywords,employee gifting,bottom,supporting,/gifting/employee-onboarding,use-case-landing,landing page copy,gifting,evergreen,2,low,targeted,Occasion/programme intent served by /gifting/employee-onboarding.
new joinee gift kit,Joining Kits,All,SEO Keywords,employee gifting,bottom,supporting,/gifting/employee-onboarding,use-case-landing,landing page copy,gifting,evergreen,2,low,targeted,Occasion/programme intent served by /gifting/employee-onboarding.
startup joining kit,Joining Kits,All,SEO Keywords,employee gifting,bottom,supporting,/gifting/employee-onboarding,use-case-landing,landing page copy,gifting,evergreen,2,low,targeted,Occasion/programme intent served by /gifting/employee-onboarding.
tech employee welcome kit,Joining Kits,All,SEO Keywords,employee gifting,bottom,secondary,/industries/it-software-saas,industry-landing,landing page copy,industries,evergreen,2,none,targeted,Declared secondary keyword of /industries/it-software-saas.
welcome kit for new employees,Joining Kits,All,SEO Keywords,employee gifting,bottom,supporting,/gifting/employee-onboarding,use-case-landing,landing page copy,gifting,evergreen,2,low,targeted,Occasion/programme intent served by /gifting/employee-onboarding.
HR onboarding gift kit India,Joining Kits,All Industries,SEO Keywords,employee gifting,bottom,supporting,/gifting/employee-onboarding,use-case-landing,landing page copy,gifting,evergreen,2,low,targeted,Occasion/programme intent served by /gifting/employee-onboarding.
curated employee welcome box India,Joining Kits,All Industries,SEO Keywords,product-specific,middle,supporting,/,homepage,homepage copy,brand,evergreen,2,medium,targeted,"Broad brand-level commercial term. Owned by the homepage by design -- category and product pages deliberately do not compete for head terms, they link upward to them."
custom branded onboarding box India,Joining Kits,All Industries,SEO Keywords,employee gifting,bottom,supporting,/gifting/employee-onboarding,use-case-landing,landing page copy,gifting,evergreen,2,low,targeted,Occasion/programme intent served by /gifting/employee-onboarding.
employee experience gifting kit,Joining Kits,All Industries,SEO Keywords,product-specific,bottom,supporting,/gifting/employee-appreciation,use-case-landing,landing page copy,gifting,evergreen,2,low,targeted,Occasion/programme intent served by /gifting/employee-appreciation.
employee first day welcome kit,Joining Kits,All Industries,SEO Keywords,employee gifting,bottom,secondary,/gifting/employee-onboarding,use-case-landing,landing page copy,gifting,evergreen,2,none,targeted,Declared secondary keyword of /gifting/employee-onboarding.
employee onboarding kit with personalized note,Joining Kits,All Industries,SEO Keywords,employee gifting,bottom,supporting,/gifting/employee-onboarding,use-case-landing,landing page copy,gifting,evergreen,2,low,targeted,Occasion/programme intent served by /gifting/employee-onboarding.
modern employee joining kit India,Joining Kits,All Industries,SEO Keywords,employee gifting,bottom,supporting,/gifting/employee-onboarding,use-case-landing,landing page copy,gifting,evergreen,2,low,targeted,Occasion/programme intent served by /gifting/employee-onboarding.
new hire welcome box India,Joining Kits,All Industries,SEO Keywords,employee gifting,bottom,supporting,/gifting/employee-onboarding,use-case-landing,landing page copy,gifting,evergreen,2,low,targeted,Occasion/programme intent served by /gifting/employee-onboarding.
personalized new joinee kit India,Joining Kits,All Industries,SEO Keywords,employee gifting,bottom,supporting,/gifting/employee-onboarding,use-case-landing,landing page copy,gifting,evergreen,2,low,targeted,Occasion/programme intent served by /gifting/employee-onboarding.
premium new hire onboarding kit,Joining Kits,All Industries,SEO Keywords,employee gifting,bottom,supporting,/gifting/employee-onboarding,use-case-landing,landing page copy,gifting,evergreen,2,low,targeted,Occasion/programme intent served by /gifting/employee-onboarding.
AI startup employee welcome kit India,Joining Kits,Technology / SaaS / AI,SEO Keywords,employee gifting,bottom,supporting,/industries/it-software-saas,industry-landing,landing page copy,industries,evergreen,3,low,targeted,Industry-tagged term supported by the Technology / SaaS / AI content on /industries/it-software-saas.
IT employee onboarding gift set,Joining Kits,Technology / SaaS / AI,SEO Keywords,employee gifting,bottom,supporting,/industries/it-software-saas,industry-landing,landing page copy,industries,evergreen,3,low,targeted,Industry-tagged term supported by the Technology / SaaS / AI content on /industries/it-software-saas.
SaaS employee onboarding kit India,Joining Kits,Technology / SaaS / AI,SEO Keywords,employee gifting,bottom,supporting,/industries/it-software-saas,industry-landing,landing page copy,industries,evergreen,3,low,targeted,Industry-tagged term supported by the Technology / SaaS / AI content on /industries/it-software-saas.
developer onboarding kit India,Joining Kits,Technology / SaaS / AI,SEO Keywords,employee gifting,bottom,supporting,/industries/it-software-saas,industry-landing,landing page copy,industries,evergreen,3,low,targeted,Industry-tagged term supported by the Technology / SaaS / AI content on /industries/it-software-saas.
hybrid work employee welcome kit,Joining Kits,Technology / SaaS / AI,SEO Keywords,employee gifting,bottom,supporting,/industries/it-software-saas,industry-landing,landing page copy,industries,evergreen,3,low,targeted,Industry-tagged term supported by the Technology / SaaS / AI content on /industries/it-software-saas.
new joinee kit for software engineers,Joining Kits,Technology / SaaS / AI,SEO Keywords,employee gifting,bottom,supporting,/industries/it-software-saas,industry-landing,landing page copy,industries,evergreen,3,low,targeted,Industry-tagged term supported by the Technology / SaaS / AI content on /industries/it-software-saas.
personalized tech joining kit for employees,Joining Kits,Technology / SaaS / AI,SEO Keywords,employee gifting,bottom,supporting,/industries/it-software-saas,industry-landing,landing page copy,industries,evergreen,3,low,targeted,Industry-tagged term supported by the Technology / SaaS / AI content on /industries/it-software-saas.
role based employee onboarding kit,Joining Kits,Technology / SaaS / AI,SEO Keywords,employee gifting,bottom,supporting,/industries/it-software-saas,industry-landing,landing page copy,industries,evergreen,3,low,targeted,Industry-tagged term supported by the Technology / SaaS / AI content on /industries/it-software-saas.
startup employee experience welcome kit,Joining Kits,Technology / SaaS / AI,SEO Keywords,employee gifting,bottom,supporting,/industries/it-software-saas,industry-landing,landing page copy,industries,evergreen,3,low,targeted,Industry-tagged term supported by the Technology / SaaS / AI content on /industries/it-software-saas.
tech employee welcome kit with laptop accessories,Joining Kits,Technology / SaaS / AI,SEO Keywords,employee gifting,none,none,,none,none,excluded,evergreen,4,none,not-targeted,"Describes a product type (""laptop accessories"") that is not in the catalog, which is stationery, pens, journals, folios and planners. Ranking for it would mean publishing specifications for goods we do not sell. Revisit if the range expands."
AI / Tech Startups joining kit,Joining Kits,AI / Tech Startups,SEO Keywords,employee gifting,none,none,,none,none,excluded,evergreen,4,none,not-targeted,Machine-generated concatenation of the industry label and a generic term (retains the source spreadsheet's ' / ' separator). Not a phrase anyone types into a search engine; targeting it would produce copy no reader benefits from.
3 piece banking employee welcome kit,Joining Kits,BFSI,SEO Keywords + 3-6 Piece Keywords,employee gifting,bottom,supporting,/gift-sets/3-piece-corporate-gift-sets,collection-landing,landing page copy,gift-sets,evergreen,3,low,consolidated,"One of ~200 {3-6} x {industry} x {kit wording} permutations sharing a single intent. Consolidated onto /gift-sets/3-piece-corporate-gift-sets, with the industry angle covered on /industries/bfsi-banking-insurance. Building a page per permutation would create near-identical doorway pages."
3 piece corporate bfsi joining kit,Joining Kits,BFSI,SEO Keywords + 3-6 Piece Keywords,employee gifting,bottom,supporting,/gift-sets/3-piece-corporate-gift-sets,collection-landing,landing page copy,gift-sets,evergreen,3,low,consolidated,"One of ~200 {3-6} x {industry} x {kit wording} permutations sharing a single intent. Consolidated onto /gift-sets/3-piece-corporate-gift-sets, with the industry angle covered on /industries/bfsi-banking-insurance. Building a page per permutation would create near-identical doorway pages."
3 piece personalized banking employee welcome kit,Joining Kits,BFSI,SEO Keywords + 3-6 Piece Keywords,employee gifting,bottom,supporting,/gift-sets/3-piece-corporate-gift-sets,collection-landing,landing page copy,gift-sets,evergreen,3,low,consolidated,"One of ~200 {3-6} x {industry} x {kit wording} permutations sharing a single intent. Consolidated onto /gift-sets/3-piece-corporate-gift-sets, with the industry angle covered on /industries/bfsi-banking-insurance. Building a page per permutation would create near-identical doorway pages."
4 piece banking employee welcome kit,Joining Kits,BFSI,SEO Keywords + 3-6 Piece Keywords,employee gifting,bottom,supporting,/gift-sets/4-piece-corporate-gift-sets,collection-landing,landing page copy,gift-sets,evergreen,3,low,consolidated,"One of ~200 {3-6} x {industry} x {kit wording} permutations sharing a single intent. Consolidated onto /gift-sets/4-piece-corporate-gift-sets, with the industry angle covered on /industries/bfsi-banking-insurance. Building a page per permutation would create near-identical doorway pages."
4 piece corporate bfsi joining kit,Joining Kits,BFSI,SEO Keywords + 3-6 Piece Keywords,employee gifting,bottom,supporting,/gift-sets/4-piece-corporate-gift-sets,collection-landing,landing page copy,gift-sets,evergreen,3,low,consolidated,"One of ~200 {3-6} x {industry} x {kit wording} permutations sharing a single intent. Consolidated onto /gift-sets/4-piece-corporate-gift-sets, with the industry angle covered on /industries/bfsi-banking-insurance. Building a page per permutation would create near-identical doorway pages."
4 piece personalized banking employee welcome kit,Joining Kits,BFSI,SEO Keywords + 3-6 Piece Keywords,employee gifting,bottom,supporting,/gift-sets/4-piece-corporate-gift-sets,collection-landing,landing page copy,gift-sets,evergreen,3,low,consolidated,"One of ~200 {3-6} x {industry} x {kit wording} permutations sharing a single intent. Consolidated onto /gift-sets/4-piece-corporate-gift-sets, with the industry angle covered on /industries/bfsi-banking-insurance. Building a page per permutation would create near-identical doorway pages."
5 piece banking employee welcome kit,Joining Kits,BFSI,SEO Keywords + 3-6 Piece Keywords,employee gifting,bottom,supporting,/gift-sets/5-piece-corporate-gift-sets,collection-landing,landing page copy,gift-sets,evergreen,3,low,consolidated,"One of ~200 {3-6} x {industry} x {kit wording} permutations sharing a single intent. Consolidated onto /gift-sets/5-piece-corporate-gift-sets, with the industry angle covered on /industries/bfsi-banking-insurance. Building a page per permutation would create near-identical doorway pages."
5 piece corporate bfsi joining kit,Joining Kits,BFSI,SEO Keywords + 3-6 Piece Keywords,employee gifting,bottom,supporting,/gift-sets/5-piece-corporate-gift-sets,collection-landing,landing page copy,gift-sets,evergreen,3,low,consolidated,"One of ~200 {3-6} x {industry} x {kit wording} permutations sharing a single intent. Consolidated onto /gift-sets/5-piece-corporate-gift-sets, with the industry angle covered on /industries/bfsi-banking-insurance. Building a page per permutation would create near-identical doorway pages."
5 piece personalized banking employee welcome kit,Joining Kits,BFSI,SEO Keywords + 3-6 Piece Keywords,employee gifting,bottom,supporting,/gift-sets/5-piece-corporate-gift-sets,collection-landing,landing page copy,gift-sets,evergreen,3,low,consolidated,"One of ~200 {3-6} x {industry} x {kit wording} permutations sharing a single intent. Consolidated onto /gift-sets/5-piece-corporate-gift-sets, with the industry angle covered on /industries/bfsi-banking-insurance. Building a page per permutation would create near-identical doorway pages."
6 piece banking employee welcome kit,Joining Kits,BFSI,SEO Keywords + 3-6 Piece Keywords,employee gifting,bottom,supporting,/gift-sets/6-piece-corporate-gift-sets,collection-landing,landing page copy,gift-sets,evergreen,3,low,consolidated,"One of ~200 {3-6} x {industry} x {kit wording} permutations sharing a single intent. Consolidated onto /gift-sets/6-piece-corporate-gift-sets, with the industry angle covered on /industries/bfsi-banking-insurance. Building a page per permutation would create near-identical doorway pages."
6 piece corporate bfsi joining kit,Joining Kits,BFSI,SEO Keywords + 3-6 Piece Keywords,employee gifting,bottom,supporting,/gift-sets/6-piece-corporate-gift-sets,collection-landing,landing page copy,gift-sets,evergreen,3,low,consolidated,"One of ~200 {3-6} x {industry} x {kit wording} permutations sharing a single intent. Consolidated onto /gift-sets/6-piece-corporate-gift-sets, with the industry angle covered on /industries/bfsi-banking-insurance. Building a page per permutation would create near-identical doorway pages."
6 piece personalized banking employee welcome kit,Joining Kits,BFSI,SEO Keywords + 3-6 Piece Keywords,employee gifting,bottom,supporting,/gift-sets/6-piece-corporate-gift-sets,collection-landing,landing page copy,gift-sets,evergreen,3,low,consolidated,"One of ~200 {3-6} x {industry} x {kit wording} permutations sharing a single intent. Consolidated onto /gift-sets/6-piece-corporate-gift-sets, with the industry angle covered on /industries/bfsi-banking-insurance. Building a page per permutation would create near-identical doorway pages."
BFSI / Insurance joining kit,Joining Kits,BFSI / Insurance,SEO Keywords,employee gifting,none,none,,none,none,excluded,evergreen,4,none,not-targeted,Machine-generated concatenation of the industry label and a generic term (retains the source spreadsheet's ' / ' separator). Not a phrase anyone types into a search engine; targeting it would produce copy no reader benefits from.
Banking joining kit,Joining Kits,Banking,SEO Keywords,employee gifting,none,none,,none,none,excluded,evergreen,4,none,not-targeted,Machine-generated concatenation of the industry label and a generic term (retains the source spreadsheet's ' / ' separator). Not a phrase anyone types into a search engine; targeting it would produce copy no reader benefits from.
Coaching / EdTech joining kit,Joining Kits,Coaching / EdTech,SEO Keywords,employee gifting,none,none,,none,none,excluded,evergreen,4,none,not-targeted,Machine-generated concatenation of the industry label and a generic term (retains the source spreadsheet's ' / ' separator). Not a phrase anyone types into a search engine; targeting it would produce copy no reader benefits from.
Construction / Infrastructure joining kit,Joining Kits,Construction / Infrastructure,SEO Keywords,employee gifting,none,none,,none,none,excluded,evergreen,4,none,not-targeted,Machine-generated concatenation of the industry label and a generic term (retains the source spreadsheet's ' / ' separator). Not a phrase anyone types into a search engine; targeting it would produce copy no reader benefits from.
3 piece consulting employee welcome kit,Joining Kits,Consulting,SEO Keywords + 3-6 Piece Keywords,employee gifting,bottom,supporting,/gift-sets/3-piece-corporate-gift-sets,collection-landing,landing page copy,gift-sets,evergreen,3,low,consolidated,"One of ~200 {3-6} x {industry} x {kit wording} permutations sharing a single intent. Consolidated onto /gift-sets/3-piece-corporate-gift-sets, with the industry angle covered on /industries/consulting. Building a page per permutation would create near-identical doorway pages."
3 piece corporate consulting joining kit,Joining Kits,Consulting,SEO Keywords + 3-6 Piece Keywords,employee gifting,bottom,supporting,/gift-sets/3-piece-corporate-gift-sets,collection-landing,landing page copy,gift-sets,evergreen,3,low,consolidated,"One of ~200 {3-6} x {industry} x {kit wording} permutations sharing a single intent. Consolidated onto /gift-sets/3-piece-corporate-gift-sets, with the industry angle covered on /industries/consulting. Building a page per permutation would create near-identical doorway pages."
3 piece personalized consulting employee welcome kit,Joining Kits,Consulting,SEO Keywords + 3-6 Piece Keywords,employee gifting,bottom,supporting,/gift-sets/3-piece-corporate-gift-sets,collection-landing,landing page copy,gift-sets,evergreen,3,low,consolidated,"One of ~200 {3-6} x {industry} x {kit wording} permutations sharing a single intent. Consolidated onto /gift-sets/3-piece-corporate-gift-sets, with the industry angle covered on /industries/consulting. Building a page per permutation would create near-identical doorway pages."
4 piece consulting employee welcome kit,Joining Kits,Consulting,SEO Keywords + 3-6 Piece Keywords,employee gifting,bottom,supporting,/gift-sets/4-piece-corporate-gift-sets,collection-landing,landing page copy,gift-sets,evergreen,3,low,consolidated,"One of ~200 {3-6} x {industry} x {kit wording} permutations sharing a single intent. Consolidated onto /gift-sets/4-piece-corporate-gift-sets, with the industry angle covered on /industries/consulting. Building a page per permutation would create near-identical doorway pages."
4 piece corporate consulting joining kit,Joining Kits,Consulting,SEO Keywords + 3-6 Piece Keywords,employee gifting,bottom,supporting,/gift-sets/4-piece-corporate-gift-sets,collection-landing,landing page copy,gift-sets,evergreen,3,low,consolidated,"One of ~200 {3-6} x {industry} x {kit wording} permutations sharing a single intent. Consolidated onto /gift-sets/4-piece-corporate-gift-sets, with the industry angle covered on /industries/consulting. Building a page per permutation would create near-identical doorway pages."
4 piece personalized consulting employee welcome kit,Joining Kits,Consulting,SEO Keywords + 3-6 Piece Keywords,employee gifting,bottom,supporting,/gift-sets/4-piece-corporate-gift-sets,collection-landing,landing page copy,gift-sets,evergreen,3,low,consolidated,"One of ~200 {3-6} x {industry} x {kit wording} permutations sharing a single intent. Consolidated onto /gift-sets/4-piece-corporate-gift-sets, with the industry angle covered on /industries/consulting. Building a page per permutation would create near-identical doorway pages."
5 piece consulting employee welcome kit,Joining Kits,Consulting,SEO Keywords + 3-6 Piece Keywords,employee gifting,bottom,supporting,/gift-sets/5-piece-corporate-gift-sets,collection-landing,landing page copy,gift-sets,evergreen,3,low,consolidated,"One of ~200 {3-6} x {industry} x {kit wording} permutations sharing a single intent. Consolidated onto /gift-sets/5-piece-corporate-gift-sets, with the industry angle covered on /industries/consulting. Building a page per permutation would create near-identical doorway pages."
5 piece corporate consulting joining kit,Joining Kits,Consulting,SEO Keywords + 3-6 Piece Keywords,employee gifting,bottom,supporting,/gift-sets/5-piece-corporate-gift-sets,collection-landing,landing page copy,gift-sets,evergreen,3,low,consolidated,"One of ~200 {3-6} x {industry} x {kit wording} permutations sharing a single intent. Consolidated onto /gift-sets/5-piece-corporate-gift-sets, with the industry angle covered on /industries/consulting. Building a page per permutation would create near-identical doorway pages."
5 piece personalized consulting employee welcome kit,Joining Kits,Consulting,SEO Keywords + 3-6 Piece Keywords,employee gifting,bottom,supporting,/gift-sets/5-piece-corporate-gift-sets,collection-landing,landing page copy,gift-sets,evergreen,3,low,consolidated,"One of ~200 {3-6} x {industry} x {kit wording} permutations sharing a single intent. Consolidated onto /gift-sets/5-piece-corporate-gift-sets, with the industry angle covered on /industries/consulting. Building a page per permutation would create near-identical doorway pages."
6 piece consulting employee welcome kit,Joining Kits,Consulting,SEO Keywords + 3-6 Piece Keywords,employee gifting,bottom,supporting,/gift-sets/6-piece-corporate-gift-sets,collection-landing,landing page copy,gift-sets,evergreen,3,low,consolidated,"One of ~200 {3-6} x {industry} x {kit wording} permutations sharing a single intent. Consolidated onto /gift-sets/6-piece-corporate-gift-sets, with the industry angle covered on /industries/consulting. Building a page per permutation would create near-identical doorway pages."
6 piece corporate consulting joining kit,Joining Kits,Consulting,SEO Keywords + 3-6 Piece Keywords,employee gifting,bottom,supporting,/gift-sets/6-piece-corporate-gift-sets,collection-landing,landing page copy,gift-sets,evergreen,3,low,consolidated,"One of ~200 {3-6} x {industry} x {kit wording} permutations sharing a single intent. Consolidated onto /gift-sets/6-piece-corporate-gift-sets, with the industry angle covered on /industries/consulting. Building a page per permutation would create near-identical doorway pages."
6 piece personalized consulting employee welcome kit,Joining Kits,Consulting,SEO Keywords + 3-6 Piece Keywords,employee gifting,bottom,supporting,/gift-sets/6-piece-corporate-gift-sets,collection-landing,landing page copy,gift-sets,evergreen,3,low,consolidated,"One of ~200 {3-6} x {industry} x {kit wording} permutations sharing a single intent. Consolidated onto /gift-sets/6-piece-corporate-gift-sets, with the industry angle covered on /industries/consulting. Building a page per permutation would create near-identical doorway pages."
Coworking joining kit,Joining Kits,Coworking,SEO Keywords,employee gifting,none,none,,none,none,excluded,evergreen,4,none,not-targeted,Machine-generated concatenation of the industry label and a generic term (retains the source spreadsheet's ' / ' separator). Not a phrase anyone types into a search engine; targeting it would produce copy no reader benefits from.
3 piece corporate e-commerce joining kit,Joining Kits,E-commerce,SEO Keywords + 3-6 Piece Keywords,employee gifting,bottom,supporting,/gift-sets/3-piece-corporate-gift-sets,collection-landing,landing page copy,gift-sets,evergreen,3,low,consolidated,"One of ~200 {3-6} x {industry} x {kit wording} permutations sharing a single intent. Consolidated onto /gift-sets/3-piece-corporate-gift-sets, with the industry angle covered on /industries/ecommerce-retail. Building a page per permutation would create near-identical doorway pages."
3 piece ecommerce employee welcome kit,Joining Kits,E-commerce,SEO Keywords + 3-6 Piece Keywords,employee gifting,bottom,supporting,/gift-sets/3-piece-corporate-gift-sets,collection-landing,landing page copy,gift-sets,evergreen,3,low,consolidated,"One of ~200 {3-6} x {industry} x {kit wording} permutations sharing a single intent. Consolidated onto /gift-sets/3-piece-corporate-gift-sets, with the industry angle covered on /industries/ecommerce-retail. Building a page per permutation would create near-identical doorway pages."
3 piece personalized ecommerce employee welcome kit,Joining Kits,E-commerce,SEO Keywords + 3-6 Piece Keywords,employee gifting,bottom,supporting,/gift-sets/3-piece-corporate-gift-sets,collection-landing,landing page copy,gift-sets,evergreen,3,low,consolidated,"One of ~200 {3-6} x {industry} x {kit wording} permutations sharing a single intent. Consolidated onto /gift-sets/3-piece-corporate-gift-sets, with the industry angle covered on /industries/ecommerce-retail. Building a page per permutation would create near-identical doorway pages."
4 piece corporate e-commerce joining kit,Joining Kits,E-commerce,SEO Keywords + 3-6 Piece Keywords,employee gifting,bottom,supporting,/gift-sets/4-piece-corporate-gift-sets,collection-landing,landing page copy,gift-sets,evergreen,3,low,consolidated,"One of ~200 {3-6} x {industry} x {kit wording} permutations sharing a single intent. Consolidated onto /gift-sets/4-piece-corporate-gift-sets, with the industry angle covered on /industries/ecommerce-retail. Building a page per permutation would create near-identical doorway pages."
4 piece ecommerce employee welcome kit,Joining Kits,E-commerce,SEO Keywords + 3-6 Piece Keywords,employee gifting,bottom,supporting,/gift-sets/4-piece-corporate-gift-sets,collection-landing,landing page copy,gift-sets,evergreen,3,low,consolidated,"One of ~200 {3-6} x {industry} x {kit wording} permutations sharing a single intent. Consolidated onto /gift-sets/4-piece-corporate-gift-sets, with the industry angle covered on /industries/ecommerce-retail. Building a page per permutation would create near-identical doorway pages."
4 piece personalized ecommerce employee welcome kit,Joining Kits,E-commerce,SEO Keywords + 3-6 Piece Keywords,employee gifting,bottom,supporting,/gift-sets/4-piece-corporate-gift-sets,collection-landing,landing page copy,gift-sets,evergreen,3,low,consolidated,"One of ~200 {3-6} x {industry} x {kit wording} permutations sharing a single intent. Consolidated onto /gift-sets/4-piece-corporate-gift-sets, with the industry angle covered on /industries/ecommerce-retail. Building a page per permutation would create near-identical doorway pages."
5 piece corporate e-commerce joining kit,Joining Kits,E-commerce,SEO Keywords + 3-6 Piece Keywords,employee gifting,bottom,supporting,/gift-sets/5-piece-corporate-gift-sets,collection-landing,landing page copy,gift-sets,evergreen,3,low,consolidated,"One of ~200 {3-6} x {industry} x {kit wording} permutations sharing a single intent. Consolidated onto /gift-sets/5-piece-corporate-gift-sets, with the industry angle covered on /industries/ecommerce-retail. Building a page per permutation would create near-identical doorway pages."
5 piece ecommerce employee welcome kit,Joining Kits,E-commerce,SEO Keywords + 3-6 Piece Keywords,employee gifting,bottom,supporting,/gift-sets/5-piece-corporate-gift-sets,collection-landing,landing page copy,gift-sets,evergreen,3,low,consolidated,"One of ~200 {3-6} x {industry} x {kit wording} permutations sharing a single intent. Consolidated onto /gift-sets/5-piece-corporate-gift-sets, with the industry angle covered on /industries/ecommerce-retail. Building a page per permutation would create near-identical doorway pages."
5 piece personalized ecommerce employee welcome kit,Joining Kits,E-commerce,SEO Keywords + 3-6 Piece Keywords,employee gifting,bottom,supporting,/gift-sets/5-piece-corporate-gift-sets,collection-landing,landing page copy,gift-sets,evergreen,3,low,consolidated,"One of ~200 {3-6} x {industry} x {kit wording} permutations sharing a single intent. Consolidated onto /gift-sets/5-piece-corporate-gift-sets, with the industry angle covered on /industries/ecommerce-retail. Building a page per permutation would create near-identical doorway pages."
6 piece corporate e-commerce joining kit,Joining Kits,E-commerce,SEO Keywords + 3-6 Piece Keywords,employee gifting,bottom,supporting,/gift-sets/6-piece-corporate-gift-sets,collection-landing,landing page copy,gift-sets,evergreen,3,low,consolidated,"One of ~200 {3-6} x {industry} x {kit wording} permutations sharing a single intent. Consolidated onto /gift-sets/6-piece-corporate-gift-sets, with the industry angle covered on /industries/ecommerce-retail. Building a page per permutation would create near-identical doorway pages."
6 piece ecommerce employee welcome kit,Joining Kits,E-commerce,SEO Keywords + 3-6 Piece Keywords,employee gifting,bottom,supporting,/gift-sets/6-piece-corporate-gift-sets,collection-landing,landing page copy,gift-sets,evergreen,3,low,consolidated,"One of ~200 {3-6} x {industry} x {kit wording} permutations sharing a single intent. Consolidated onto /gift-sets/6-piece-corporate-gift-sets, with the industry angle covered on /industries/ecommerce-retail. Building a page per permutation would create near-identical doorway pages."
6 piece personalized ecommerce employee welcome kit,Joining Kits,E-commerce,SEO Keywords + 3-6 Piece Keywords,employee gifting,bottom,supporting,/gift-sets/6-piece-corporate-gift-sets,collection-landing,landing page copy,gift-sets,evergreen,3,low,consolidated,"One of ~200 {3-6} x {industry} x {kit wording} permutations sharing a single intent. Consolidated onto /gift-sets/6-piece-corporate-gift-sets, with the industry angle covered on /industries/ecommerce-retail. Building a page per permutation would create near-identical doorway pages."
E-commerce joining kit,Joining Kits,E-commerce,SEO Keywords,employee gifting,none,none,,none,none,excluded,evergreen,4,none,not-targeted,Machine-generated concatenation of the industry label and a generic term (retains the source spreadsheet's ' / ' separator). Not a phrase anyone types into a search engine; targeting it would produce copy no reader benefits from.
3 piece corporate edtech joining kit,Joining Kits,EdTech,SEO Keywords + 3-6 Piece Keywords,employee gifting,bottom,supporting,/gift-sets/3-piece-corporate-gift-sets,collection-landing,landing page copy,gift-sets,evergreen,3,low,consolidated,"One of ~200 {3-6} x {industry} x {kit wording} permutations sharing a single intent. Consolidated onto /gift-sets/3-piece-corporate-gift-sets, with the industry angle covered on /industries/education-edtech. Building a page per permutation would create near-identical doorway pages."
3 piece edtech employee welcome kit,Joining Kits,EdTech,SEO Keywords + 3-6 Piece Keywords,employee gifting,bottom,supporting,/gift-sets/3-piece-corporate-gift-sets,collection-landing,landing page copy,gift-sets,evergreen,3,low,consolidated,"One of ~200 {3-6} x {industry} x {kit wording} permutations sharing a single intent. Consolidated onto /gift-sets/3-piece-corporate-gift-sets, with the industry angle covered on /industries/education-edtech. Building a page per permutation would create near-identical doorway pages."
3 piece personalized edtech employee welcome kit,Joining Kits,EdTech,SEO Keywords + 3-6 Piece Keywords,employee gifting,bottom,supporting,/gift-sets/3-piece-corporate-gift-sets,collection-landing,landing page copy,gift-sets,evergreen,3,low,consolidated,"One of ~200 {3-6} x {industry} x {kit wording} permutations sharing a single intent. Consolidated onto /gift-sets/3-piece-corporate-gift-sets, with the industry angle covered on /industries/education-edtech. Building a page per permutation would create near-identical doorway pages."
4 piece corporate edtech joining kit,Joining Kits,EdTech,SEO Keywords + 3-6 Piece Keywords,employee gifting,bottom,supporting,/gift-sets/4-piece-corporate-gift-sets,collection-landing,landing page copy,gift-sets,evergreen,3,low,consolidated,"One of ~200 {3-6} x {industry} x {kit wording} permutations sharing a single intent. Consolidated onto /gift-sets/4-piece-corporate-gift-sets, with the industry angle covered on /industries/education-edtech. Building a page per permutation would create near-identical doorway pages."
4 piece edtech employee welcome kit,Joining Kits,EdTech,SEO Keywords + 3-6 Piece Keywords,employee gifting,bottom,supporting,/gift-sets/4-piece-corporate-gift-sets,collection-landing,landing page copy,gift-sets,evergreen,3,low,consolidated,"One of ~200 {3-6} x {industry} x {kit wording} permutations sharing a single intent. Consolidated onto /gift-sets/4-piece-corporate-gift-sets, with the industry angle covered on /industries/education-edtech. Building a page per permutation would create near-identical doorway pages."
4 piece personalized edtech employee welcome kit,Joining Kits,EdTech,SEO Keywords + 3-6 Piece Keywords,employee gifting,bottom,supporting,/gift-sets/4-piece-corporate-gift-sets,collection-landing,landing page copy,gift-sets,evergreen,3,low,consolidated,"One of ~200 {3-6} x {industry} x {kit wording} permutations sharing a single intent. Consolidated onto /gift-sets/4-piece-corporate-gift-sets, with the industry angle covered on /industries/education-edtech. Building a page per permutation would create near-identical doorway pages."
5 piece corporate edtech joining kit,Joining Kits,EdTech,SEO Keywords + 3-6 Piece Keywords,employee gifting,bottom,supporting,/gift-sets/5-piece-corporate-gift-sets,collection-landing,landing page copy,gift-sets,evergreen,3,low,consolidated,"One of ~200 {3-6} x {industry} x {kit wording} permutations sharing a single intent. Consolidated onto /gift-sets/5-piece-corporate-gift-sets, with the industry angle covered on /industries/education-edtech. Building a page per permutation would create near-identical doorway pages."
5 piece edtech employee welcome kit,Joining Kits,EdTech,SEO Keywords + 3-6 Piece Keywords,employee gifting,bottom,supporting,/gift-sets/5-piece-corporate-gift-sets,collection-landing,landing page copy,gift-sets,evergreen,3,low,consolidated,"One of ~200 {3-6} x {industry} x {kit wording} permutations sharing a single intent. Consolidated onto /gift-sets/5-piece-corporate-gift-sets, with the industry angle covered on /industries/education-edtech. Building a page per permutation would create near-identical doorway pages."
5 piece personalized edtech employee welcome kit,Joining Kits,EdTech,SEO Keywords + 3-6 Piece Keywords,employee gifting,bottom,supporting,/gift-sets/5-piece-corporate-gift-sets,collection-landing,landing page copy,gift-sets,evergreen,3,low,consolidated,"One of ~200 {3-6} x {industry} x {kit wording} permutations sharing a single intent. Consolidated onto /gift-sets/5-piece-corporate-gift-sets, with the industry angle covered on /industries/education-edtech. Building a page per permutation would create near-identical doorway pages."
6 piece corporate edtech joining kit,Joining Kits,EdTech,SEO Keywords + 3-6 Piece Keywords,employee gifting,bottom,supporting,/gift-sets/6-piece-corporate-gift-sets,collection-landing,landing page copy,gift-sets,evergreen,3,low,consolidated,"One of ~200 {3-6} x {industry} x {kit wording} permutations sharing a single intent. Consolidated onto /gift-sets/6-piece-corporate-gift-sets, with the industry angle covered on /industries/education-edtech. Building a page per permutation would create near-identical doorway pages."
6 piece edtech employee welcome kit,Joining Kits,EdTech,SEO Keywords + 3-6 Piece Keywords,employee gifting,bottom,supporting,/gift-sets/6-piece-corporate-gift-sets,collection-landing,landing page copy,gift-sets,evergreen,3,low,consolidated,"One of ~200 {3-6} x {industry} x {kit wording} permutations sharing a single intent. Consolidated onto /gift-sets/6-piece-corporate-gift-sets, with the industry angle covered on /industries/education-edtech. Building a page per permutation would create near-identical doorway pages."
6 piece personalized edtech employee welcome kit,Joining Kits,EdTech,SEO Keywords + 3-6 Piece Keywords,employee gifting,bottom,supporting,/gift-sets/6-piece-corporate-gift-sets,collection-landing,landing page copy,gift-sets,evergreen,3,low,consolidated,"One of ~200 {3-6} x {industry} x {kit wording} permutations sharing a single intent. Consolidated onto /gift-sets/6-piece-corporate-gift-sets, with the industry angle covered on /industries/education-edtech. Building a page per permutation would create near-identical doorway pages."
Events / Conferences joining kit,Joining Kits,Events / Conferences,SEO Keywords,employee gifting,none,none,,none,none,excluded,evergreen,4,none,not-targeted,Machine-generated concatenation of the industry label and a generic term (retains the source spreadsheet's ' / ' separator). Not a phrase anyone types into a search engine; targeting it would produce copy no reader benefits from.
Finance / Investment joining kit,Joining Kits,Finance / Investment,SEO Keywords,employee gifting,none,none,,none,none,excluded,evergreen,4,none,not-targeted,Machine-generated concatenation of the industry label and a generic term (retains the source spreadsheet's ' / ' separator). Not a phrase anyone types into a search engine; targeting it would produce copy no reader benefits from.
3 piece corporate fintech joining kit,Joining Kits,Fintech,SEO Keywords + 3-6 Piece Keywords,employee gifting,bottom,supporting,/gift-sets/3-piece-corporate-gift-sets,collection-landing,landing page copy,gift-sets,evergreen,3,low,consolidated,"One of ~200 {3-6} x {industry} x {kit wording} permutations sharing a single intent. Consolidated onto /gift-sets/3-piece-corporate-gift-sets, with the industry angle covered on /industries/fintech. Building a page per permutation would create near-identical doorway pages."
3 piece fintech employee welcome kit,Joining Kits,Fintech,SEO Keywords + 3-6 Piece Keywords,employee gifting,bottom,supporting,/gift-sets/3-piece-corporate-gift-sets,collection-landing,landing page copy,gift-sets,evergreen,3,low,consolidated,"One of ~200 {3-6} x {industry} x {kit wording} permutations sharing a single intent. Consolidated onto /gift-sets/3-piece-corporate-gift-sets, with the industry angle covered on /industries/fintech. Building a page per permutation would create near-identical doorway pages."
3 piece personalized fintech employee welcome kit,Joining Kits,Fintech,SEO Keywords + 3-6 Piece Keywords,employee gifting,bottom,supporting,/gift-sets/3-piece-corporate-gift-sets,collection-landing,landing page copy,gift-sets,evergreen,3,low,consolidated,"One of ~200 {3-6} x {industry} x {kit wording} permutations sharing a single intent. Consolidated onto /gift-sets/3-piece-corporate-gift-sets, with the industry angle covered on /industries/fintech. Building a page per permutation would create near-identical doorway pages."
4 piece corporate fintech joining kit,Joining Kits,Fintech,SEO Keywords + 3-6 Piece Keywords,employee gifting,bottom,supporting,/gift-sets/4-piece-corporate-gift-sets,collection-landing,landing page copy,gift-sets,evergreen,3,low,consolidated,"One of ~200 {3-6} x {industry} x {kit wording} permutations sharing a single intent. Consolidated onto /gift-sets/4-piece-corporate-gift-sets, with the industry angle covered on /industries/fintech. Building a page per permutation would create near-identical doorway pages."
4 piece fintech employee welcome kit,Joining Kits,Fintech,SEO Keywords + 3-6 Piece Keywords,employee gifting,bottom,supporting,/gift-sets/4-piece-corporate-gift-sets,collection-landing,landing page copy,gift-sets,evergreen,3,low,consolidated,"One of ~200 {3-6} x {industry} x {kit wording} permutations sharing a single intent. Consolidated onto /gift-sets/4-piece-corporate-gift-sets, with the industry angle covered on /industries/fintech. Building a page per permutation would create near-identical doorway pages."
4 piece personalized fintech employee welcome kit,Joining Kits,Fintech,SEO Keywords + 3-6 Piece Keywords,employee gifting,bottom,supporting,/gift-sets/4-piece-corporate-gift-sets,collection-landing,landing page copy,gift-sets,evergreen,3,low,consolidated,"One of ~200 {3-6} x {industry} x {kit wording} permutations sharing a single intent. Consolidated onto /gift-sets/4-piece-corporate-gift-sets, with the industry angle covered on /industries/fintech. Building a page per permutation would create near-identical doorway pages."
5 piece corporate fintech joining kit,Joining Kits,Fintech,SEO Keywords + 3-6 Piece Keywords,employee gifting,bottom,supporting,/gift-sets/5-piece-corporate-gift-sets,collection-landing,landing page copy,gift-sets,evergreen,3,low,consolidated,"One of ~200 {3-6} x {industry} x {kit wording} permutations sharing a single intent. Consolidated onto /gift-sets/5-piece-corporate-gift-sets, with the industry angle covered on /industries/fintech. Building a page per permutation would create near-identical doorway pages."
5 piece fintech employee welcome kit,Joining Kits,Fintech,SEO Keywords + 3-6 Piece Keywords,employee gifting,bottom,supporting,/gift-sets/5-piece-corporate-gift-sets,collection-landing,landing page copy,gift-sets,evergreen,3,low,consolidated,"One of ~200 {3-6} x {industry} x {kit wording} permutations sharing a single intent. Consolidated onto /gift-sets/5-piece-corporate-gift-sets, with the industry angle covered on /industries/fintech. Building a page per permutation would create near-identical doorway pages."
5 piece personalized fintech employee welcome kit,Joining Kits,Fintech,SEO Keywords + 3-6 Piece Keywords,employee gifting,bottom,supporting,/gift-sets/5-piece-corporate-gift-sets,collection-landing,landing page copy,gift-sets,evergreen,3,low,consolidated,"One of ~200 {3-6} x {industry} x {kit wording} permutations sharing a single intent. Consolidated onto /gift-sets/5-piece-corporate-gift-sets, with the industry angle covered on /industries/fintech. Building a page per permutation would create near-identical doorway pages."
6 piece corporate fintech joining kit,Joining Kits,Fintech,SEO Keywords + 3-6 Piece Keywords,employee gifting,bottom,supporting,/gift-sets/6-piece-corporate-gift-sets,collection-landing,landing page copy,gift-sets,evergreen,3,low,consolidated,"One of ~200 {3-6} x {industry} x {kit wording} permutations sharing a single intent. Consolidated onto /gift-sets/6-piece-corporate-gift-sets, with the industry angle covered on /industries/fintech. Building a page per permutation would create near-identical doorway pages."
6 piece fintech employee welcome kit,Joining Kits,Fintech,SEO Keywords + 3-6 Piece Keywords,employee gifting,bottom,supporting,/gift-sets/6-piece-corporate-gift-sets,collection-landing,landing page copy,gift-sets,evergreen,3,low,consolidated,"One of ~200 {3-6} x {industry} x {kit wording} permutations sharing a single intent. Consolidated onto /gift-sets/6-piece-corporate-gift-sets, with the industry angle covered on /industries/fintech. Building a page per permutation would create near-identical doorway pages."
6 piece personalized fintech employee welcome kit,Joining Kits,Fintech,SEO Keywords + 3-6 Piece Keywords,employee gifting,bottom,supporting,/gift-sets/6-piece-corporate-gift-sets,collection-landing,landing page copy,gift-sets,evergreen,3,low,consolidated,"One of ~200 {3-6} x {industry} x {kit wording} permutations sharing a single intent. Consolidated onto /gift-sets/6-piece-corporate-gift-sets, with the industry angle covered on /industries/fintech. Building a page per permutation would create near-identical doorway pages."
Government / PSU joining kit,Joining Kits,Government / PSU,SEO Keywords,employee gifting,none,none,,none,none,excluded,evergreen,4,none,not-targeted,Machine-generated concatenation of the industry label and a generic term (retains the source spreadsheet's ' / ' separator). Not a phrase anyone types into a search engine; targeting it would produce copy no reader benefits from.
3 piece corporate healthcare joining kit,Joining Kits,Healthcare,SEO Keywords + 3-6 Piece Keywords,employee gifting,bottom,supporting,/gift-sets/3-piece-corporate-gift-sets,collection-landing,landing page copy,gift-sets,evergreen,3,low,consolidated,"One of ~200 {3-6} x {industry} x {kit wording} permutations sharing a single intent. Consolidated onto /gift-sets/3-piece-corporate-gift-sets, with the industry angle covered on /industries/healthcare-pharma. Building a page per permutation would create near-identical doorway pages."
3 piece healthcare employee welcome kit,Joining Kits,Healthcare,SEO Keywords + 3-6 Piece Keywords,employee gifting,bottom,supporting,/gift-sets/3-piece-corporate-gift-sets,collection-landing,landing page copy,gift-sets,evergreen,3,low,consolidated,"One of ~200 {3-6} x {industry} x {kit wording} permutations sharing a single intent. Consolidated onto /gift-sets/3-piece-corporate-gift-sets, with the industry angle covered on /industries/healthcare-pharma. Building a page per permutation would create near-identical doorway pages."
3 piece personalized healthcare employee welcome kit,Joining Kits,Healthcare,SEO Keywords + 3-6 Piece Keywords,employee gifting,bottom,supporting,/gift-sets/3-piece-corporate-gift-sets,collection-landing,landing page copy,gift-sets,evergreen,3,low,consolidated,"One of ~200 {3-6} x {industry} x {kit wording} permutations sharing a single intent. Consolidated onto /gift-sets/3-piece-corporate-gift-sets, with the industry angle covered on /industries/healthcare-pharma. Building a page per permutation would create near-identical doorway pages."
4 piece corporate healthcare joining kit,Joining Kits,Healthcare,SEO Keywords + 3-6 Piece Keywords,employee gifting,bottom,supporting,/gift-sets/4-piece-corporate-gift-sets,collection-landing,landing page copy,gift-sets,evergreen,3,low,consolidated,"One of ~200 {3-6} x {industry} x {kit wording} permutations sharing a single intent. Consolidated onto /gift-sets/4-piece-corporate-gift-sets, with the industry angle covered on /industries/healthcare-pharma. Building a page per permutation would create near-identical doorway pages."
4 piece healthcare employee welcome kit,Joining Kits,Healthcare,SEO Keywords + 3-6 Piece Keywords,employee gifting,bottom,supporting,/gift-sets/4-piece-corporate-gift-sets,collection-landing,landing page copy,gift-sets,evergreen,3,low,consolidated,"One of ~200 {3-6} x {industry} x {kit wording} permutations sharing a single intent. Consolidated onto /gift-sets/4-piece-corporate-gift-sets, with the industry angle covered on /industries/healthcare-pharma. Building a page per permutation would create near-identical doorway pages."
4 piece personalized healthcare employee welcome kit,Joining Kits,Healthcare,SEO Keywords + 3-6 Piece Keywords,employee gifting,bottom,supporting,/gift-sets/4-piece-corporate-gift-sets,collection-landing,landing page copy,gift-sets,evergreen,3,low,consolidated,"One of ~200 {3-6} x {industry} x {kit wording} permutations sharing a single intent. Consolidated onto /gift-sets/4-piece-corporate-gift-sets, with the industry angle covered on /industries/healthcare-pharma. Building a page per permutation would create near-identical doorway pages."
5 piece corporate healthcare joining kit,Joining Kits,Healthcare,SEO Keywords + 3-6 Piece Keywords,employee gifting,bottom,supporting,/gift-sets/5-piece-corporate-gift-sets,collection-landing,landing page copy,gift-sets,evergreen,3,low,consolidated,"One of ~200 {3-6} x {industry} x {kit wording} permutations sharing a single intent. Consolidated onto /gift-sets/5-piece-corporate-gift-sets, with the industry angle covered on /industries/healthcare-pharma. Building a page per permutation would create near-identical doorway pages."
5 piece healthcare employee welcome kit,Joining Kits,Healthcare,SEO Keywords + 3-6 Piece Keywords,employee gifting,bottom,supporting,/gift-sets/5-piece-corporate-gift-sets,collection-landing,landing page copy,gift-sets,evergreen,3,low,consolidated,"One of ~200 {3-6} x {industry} x {kit wording} permutations sharing a single intent. Consolidated onto /gift-sets/5-piece-corporate-gift-sets, with the industry angle covered on /industries/healthcare-pharma. Building a page per permutation would create near-identical doorway pages."
5 piece personalized healthcare employee welcome kit,Joining Kits,Healthcare,SEO Keywords + 3-6 Piece Keywords,employee gifting,bottom,supporting,/gift-sets/5-piece-corporate-gift-sets,collection-landing,landing page copy,gift-sets,evergreen,3,low,consolidated,"One of ~200 {3-6} x {industry} x {kit wording} permutations sharing a single intent. Consolidated onto /gift-sets/5-piece-corporate-gift-sets, with the industry angle covered on /industries/healthcare-pharma. Building a page per permutation would create near-identical doorway pages."
6 piece corporate healthcare joining kit,Joining Kits,Healthcare,SEO Keywords + 3-6 Piece Keywords,employee gifting,bottom,supporting,/gift-sets/6-piece-corporate-gift-sets,collection-landing,landing page copy,gift-sets,evergreen,3,low,consolidated,"One of ~200 {3-6} x {industry} x {kit wording} permutations sharing a single intent. Consolidated onto /gift-sets/6-piece-corporate-gift-sets, with the industry angle covered on /industries/healthcare-pharma. Building a page per permutation would create near-identical doorway pages."
6 piece healthcare employee welcome kit,Joining Kits,Healthcare,SEO Keywords + 3-6 Piece Keywords,employee gifting,bottom,supporting,/gift-sets/6-piece-corporate-gift-sets,collection-landing,landing page copy,gift-sets,evergreen,3,low,consolidated,"One of ~200 {3-6} x {industry} x {kit wording} permutations sharing a single intent. Consolidated onto /gift-sets/6-piece-corporate-gift-sets, with the industry angle covered on /industries/healthcare-pharma. Building a page per permutation would create near-identical doorway pages."
6 piece personalized healthcare employee welcome kit,Joining Kits,Healthcare,SEO Keywords + 3-6 Piece Keywords,employee gifting,bottom,supporting,/gift-sets/6-piece-corporate-gift-sets,collection-landing,landing page copy,gift-sets,evergreen,3,low,consolidated,"One of ~200 {3-6} x {industry} x {kit wording} permutations sharing a single intent. Consolidated onto /gift-sets/6-piece-corporate-gift-sets, with the industry angle covered on /industries/healthcare-pharma. Building a page per permutation would create near-identical doorway pages."
Hospitality / Travel joining kit,Joining Kits,Hospitality / Travel,SEO Keywords,employee gifting,none,none,,none,none,excluded,evergreen,4,none,not-targeted,Machine-generated concatenation of the industry label and a generic term (retains the source spreadsheet's ' / ' separator). Not a phrase anyone types into a search engine; targeting it would produce copy no reader benefits from.
3 piece IT employee welcome kit,Joining Kits,IT,SEO Keywords + 3-6 Piece Keywords,employee gifting,bottom,supporting,/gift-sets/3-piece-corporate-gift-sets,collection-landing,landing page copy,gift-sets,evergreen,3,low,consolidated,"One of ~200 {3-6} x {industry} x {kit wording} permutations sharing a single intent. Consolidated onto /gift-sets/3-piece-corporate-gift-sets, with the industry angle covered on /industries/it-software-saas. Building a page per permutation would create near-identical doorway pages."
3 piece corporate it joining kit,Joining Kits,IT,SEO Keywords + 3-6 Piece Keywords,employee gifting,bottom,supporting,/gift-sets/3-piece-corporate-gift-sets,collection-landing,landing page copy,gift-sets,evergreen,3,low,consolidated,"One of ~200 {3-6} x {industry} x {kit wording} permutations sharing a single intent. Consolidated onto /gift-sets/3-piece-corporate-gift-sets, with the industry angle covered on /industries/it-software-saas. Building a page per permutation would create near-identical doorway pages."
3 piece personalized IT employee welcome kit,Joining Kits,IT,SEO Keywords + 3-6 Piece Keywords,employee gifting,bottom,supporting,/gift-sets/3-piece-corporate-gift-sets,collection-landing,landing page copy,gift-sets,evergreen,3,low,consolidated,"One of ~200 {3-6} x {industry} x {kit wording} permutations sharing a single intent. Consolidated onto /gift-sets/3-piece-corporate-gift-sets, with the industry angle covered on /industries/it-software-saas. Building a page per permutation would create near-identical doorway pages."
4 piece IT employee welcome kit,Joining Kits,IT,SEO Keywords + 3-6 Piece Keywords,employee gifting,bottom,supporting,/gift-sets/4-piece-corporate-gift-sets,collection-landing,landing page copy,gift-sets,evergreen,3,low,consolidated,"One of ~200 {3-6} x {industry} x {kit wording} permutations sharing a single intent. Consolidated onto /gift-sets/4-piece-corporate-gift-sets, with the industry angle covered on /industries/it-software-saas. Building a page per permutation would create near-identical doorway pages."
4 piece corporate it joining kit,Joining Kits,IT,SEO Keywords + 3-6 Piece Keywords,employee gifting,bottom,supporting,/gift-sets/4-piece-corporate-gift-sets,collection-landing,landing page copy,gift-sets,evergreen,3,low,consolidated,"One of ~200 {3-6} x {industry} x {kit wording} permutations sharing a single intent. Consolidated onto /gift-sets/4-piece-corporate-gift-sets, with the industry angle covered on /industries/it-software-saas. Building a page per permutation would create near-identical doorway pages."
4 piece personalized IT employee welcome kit,Joining Kits,IT,SEO Keywords + 3-6 Piece Keywords,employee gifting,bottom,supporting,/gift-sets/4-piece-corporate-gift-sets,collection-landing,landing page copy,gift-sets,evergreen,3,low,consolidated,"One of ~200 {3-6} x {industry} x {kit wording} permutations sharing a single intent. Consolidated onto /gift-sets/4-piece-corporate-gift-sets, with the industry angle covered on /industries/it-software-saas. Building a page per permutation would create near-identical doorway pages."
5 piece IT employee welcome kit,Joining Kits,IT,SEO Keywords + 3-6 Piece Keywords,employee gifting,bottom,supporting,/gift-sets/5-piece-corporate-gift-sets,collection-landing,landing page copy,gift-sets,evergreen,3,low,consolidated,"One of ~200 {3-6} x {industry} x {kit wording} permutations sharing a single intent. Consolidated onto /gift-sets/5-piece-corporate-gift-sets, with the industry angle covered on /industries/it-software-saas. Building a page per permutation would create near-identical doorway pages."
5 piece corporate it joining kit,Joining Kits,IT,SEO Keywords + 3-6 Piece Keywords,employee gifting,bottom,supporting,/gift-sets/5-piece-corporate-gift-sets,collection-landing,landing page copy,gift-sets,evergreen,3,low,consolidated,"One of ~200 {3-6} x {industry} x {kit wording} permutations sharing a single intent. Consolidated onto /gift-sets/5-piece-corporate-gift-sets, with the industry angle covered on /industries/it-software-saas. Building a page per permutation would create near-identical doorway pages."
5 piece personalized IT employee welcome kit,Joining Kits,IT,SEO Keywords + 3-6 Piece Keywords,employee gifting,bottom,supporting,/gift-sets/5-piece-corporate-gift-sets,collection-landing,landing page copy,gift-sets,evergreen,3,low,consolidated,"One of ~200 {3-6} x {industry} x {kit wording} permutations sharing a single intent. Consolidated onto /gift-sets/5-piece-corporate-gift-sets, with the industry angle covered on /industries/it-software-saas. Building a page per permutation would create near-identical doorway pages."
6 piece IT employee welcome kit,Joining Kits,IT,SEO Keywords + 3-6 Piece Keywords,employee gifting,bottom,supporting,/gift-sets/6-piece-corporate-gift-sets,collection-landing,landing page copy,gift-sets,evergreen,3,low,consolidated,"One of ~200 {3-6} x {industry} x {kit wording} permutations sharing a single intent. Consolidated onto /gift-sets/6-piece-corporate-gift-sets, with the industry angle covered on /industries/it-software-saas. Building a page per permutation would create near-identical doorway pages."
6 piece corporate it joining kit,Joining Kits,IT,SEO Keywords + 3-6 Piece Keywords,employee gifting,bottom,supporting,/gift-sets/6-piece-corporate-gift-sets,collection-landing,landing page copy,gift-sets,evergreen,3,low,consolidated,"One of ~200 {3-6} x {industry} x {kit wording} permutations sharing a single intent. Consolidated onto /gift-sets/6-piece-corporate-gift-sets, with the industry angle covered on /industries/it-software-saas. Building a page per permutation would create near-identical doorway pages."
6 piece personalized IT employee welcome kit,Joining Kits,IT,SEO Keywords + 3-6 Piece Keywords,employee gifting,bottom,supporting,/gift-sets/6-piece-corporate-gift-sets,collection-landing,landing page copy,gift-sets,evergreen,3,low,consolidated,"One of ~200 {3-6} x {industry} x {kit wording} permutations sharing a single intent. Consolidated onto /gift-sets/6-piece-corporate-gift-sets, with the industry angle covered on /industries/it-software-saas. Building a page per permutation would create near-identical doorway pages."
IT joining kit,Joining Kits,IT,SEO Keywords,employee gifting,none,none,,none,none,excluded,evergreen,4,none,not-targeted,Machine-generated concatenation of the industry label and a generic term (retains the source spreadsheet's ' / ' separator). Not a phrase anyone types into a search engine; targeting it would produce copy no reader benefits from.
3 piece corporate manufacturing joining kit,Joining Kits,Manufacturing,SEO Keywords + 3-6 Piece Keywords,employee gifting,bottom,supporting,/gift-sets/3-piece-corporate-gift-sets,collection-landing,landing page copy,gift-sets,evergreen,3,low,consolidated,"One of ~200 {3-6} x {industry} x {kit wording} permutations sharing a single intent. Consolidated onto /gift-sets/3-piece-corporate-gift-sets, with the industry angle covered on /industries/manufacturing. Building a page per permutation would create near-identical doorway pages."
3 piece manufacturing employee welcome kit,Joining Kits,Manufacturing,SEO Keywords + 3-6 Piece Keywords,employee gifting,bottom,supporting,/gift-sets/3-piece-corporate-gift-sets,collection-landing,landing page copy,gift-sets,evergreen,3,low,consolidated,"One of ~200 {3-6} x {industry} x {kit wording} permutations sharing a single intent. Consolidated onto /gift-sets/3-piece-corporate-gift-sets, with the industry angle covered on /industries/manufacturing. Building a page per permutation would create near-identical doorway pages."
3 piece personalized manufacturing employee welcome kit,Joining Kits,Manufacturing,SEO Keywords + 3-6 Piece Keywords,employee gifting,bottom,supporting,/gift-sets/3-piece-corporate-gift-sets,collection-landing,landing page copy,gift-sets,evergreen,3,low,consolidated,"One of ~200 {3-6} x {industry} x {kit wording} permutations sharing a single intent. Consolidated onto /gift-sets/3-piece-corporate-gift-sets, with the industry angle covered on /industries/manufacturing. Building a page per permutation would create near-identical doorway pages."
4 piece corporate manufacturing joining kit,Joining Kits,Manufacturing,SEO Keywords + 3-6 Piece Keywords,employee gifting,bottom,supporting,/gift-sets/4-piece-corporate-gift-sets,collection-landing,landing page copy,gift-sets,evergreen,3,low,consolidated,"One of ~200 {3-6} x {industry} x {kit wording} permutations sharing a single intent. Consolidated onto /gift-sets/4-piece-corporate-gift-sets, with the industry angle covered on /industries/manufacturing. Building a page per permutation would create near-identical doorway pages."
4 piece manufacturing employee welcome kit,Joining Kits,Manufacturing,SEO Keywords + 3-6 Piece Keywords,employee gifting,bottom,supporting,/gift-sets/4-piece-corporate-gift-sets,collection-landing,landing page copy,gift-sets,evergreen,3,low,consolidated,"One of ~200 {3-6} x {industry} x {kit wording} permutations sharing a single intent. Consolidated onto /gift-sets/4-piece-corporate-gift-sets, with the industry angle covered on /industries/manufacturing. Building a page per permutation would create near-identical doorway pages."
4 piece personalized manufacturing employee welcome kit,Joining Kits,Manufacturing,SEO Keywords + 3-6 Piece Keywords,employee gifting,bottom,supporting,/gift-sets/4-piece-corporate-gift-sets,collection-landing,landing page copy,gift-sets,evergreen,3,low,consolidated,"One of ~200 {3-6} x {industry} x {kit wording} permutations sharing a single intent. Consolidated onto /gift-sets/4-piece-corporate-gift-sets, with the industry angle covered on /industries/manufacturing. Building a page per permutation would create near-identical doorway pages."
5 piece corporate manufacturing joining kit,Joining Kits,Manufacturing,SEO Keywords + 3-6 Piece Keywords,employee gifting,bottom,supporting,/gift-sets/5-piece-corporate-gift-sets,collection-landing,landing page copy,gift-sets,evergreen,3,low,consolidated,"One of ~200 {3-6} x {industry} x {kit wording} permutations sharing a single intent. Consolidated onto /gift-sets/5-piece-corporate-gift-sets, with the industry angle covered on /industries/manufacturing. Building a page per permutation would create near-identical doorway pages."
5 piece manufacturing employee welcome kit,Joining Kits,Manufacturing,SEO Keywords + 3-6 Piece Keywords,employee gifting,bottom,supporting,/gift-sets/5-piece-corporate-gift-sets,collection-landing,landing page copy,gift-sets,evergreen,3,low,consolidated,"One of ~200 {3-6} x {industry} x {kit wording} permutations sharing a single intent. Consolidated onto /gift-sets/5-piece-corporate-gift-sets, with the industry angle covered on /industries/manufacturing. Building a page per permutation would create near-identical doorway pages."
5 piece personalized manufacturing employee welcome kit,Joining Kits,Manufacturing,SEO Keywords + 3-6 Piece Keywords,employee gifting,bottom,supporting,/gift-sets/5-piece-corporate-gift-sets,collection-landing,landing page copy,gift-sets,evergreen,3,low,consolidated,"One of ~200 {3-6} x {industry} x {kit wording} permutations sharing a single intent. Consolidated onto /gift-sets/5-piece-corporate-gift-sets, with the industry angle covered on /industries/manufacturing. Building a page per permutation would create near-identical doorway pages."
6 piece corporate manufacturing joining kit,Joining Kits,Manufacturing,SEO Keywords + 3-6 Piece Keywords,employee gifting,bottom,supporting,/gift-sets/6-piece-corporate-gift-sets,collection-landing,landing page copy,gift-sets,evergreen,3,low,consolidated,"One of ~200 {3-6} x {industry} x {kit wording} permutations sharing a single intent. Consolidated onto /gift-sets/6-piece-corporate-gift-sets, with the industry angle covered on /industries/manufacturing. Building a page per permutation would create near-identical doorway pages."
6 piece manufacturing employee welcome kit,Joining Kits,Manufacturing,SEO Keywords + 3-6 Piece Keywords,employee gifting,bottom,supporting,/gift-sets/6-piece-corporate-gift-sets,collection-landing,landing page copy,gift-sets,evergreen,3,low,consolidated,"One of ~200 {3-6} x {industry} x {kit wording} permutations sharing a single intent. Consolidated onto /gift-sets/6-piece-corporate-gift-sets, with the industry angle covered on /industries/manufacturing. Building a page per permutation would create near-identical doorway pages."
6 piece personalized manufacturing employee welcome kit,Joining Kits,Manufacturing,SEO Keywords + 3-6 Piece Keywords,employee gifting,bottom,supporting,/gift-sets/6-piece-corporate-gift-sets,collection-landing,landing page copy,gift-sets,evergreen,3,low,consolidated,"One of ~200 {3-6} x {industry} x {kit wording} permutations sharing a single intent. Consolidated onto /gift-sets/6-piece-corporate-gift-sets, with the industry angle covered on /industries/manufacturing. Building a page per permutation would create near-identical doorway pages."
Media / Marketing joining kit,Joining Kits,Media / Marketing,SEO Keywords,employee gifting,none,none,,none,none,excluded,evergreen,4,none,not-targeted,Machine-generated concatenation of the industry label and a generic term (retains the source spreadsheet's ' / ' separator). Not a phrase anyone types into a search engine; targeting it would produce copy no reader benefits from.
3 piece corporate pharma joining kit,Joining Kits,Pharma,SEO Keywords + 3-6 Piece Keywords,employee gifting,bottom,supporting,/gift-sets/3-piece-corporate-gift-sets,collection-landing,landing page copy,gift-sets,evergreen,3,low,consolidated,"One of ~200 {3-6} x {industry} x {kit wording} permutations sharing a single intent. Consolidated onto /gift-sets/3-piece-corporate-gift-sets, with the industry angle covered on /industries/healthcare-pharma. Building a page per permutation would create near-identical doorway pages."
3 piece personalized pharma employee welcome kit,Joining Kits,Pharma,SEO Keywords + 3-6 Piece Keywords,employee gifting,bottom,supporting,/gift-sets/3-piece-corporate-gift-sets,collection-landing,landing page copy,gift-sets,evergreen,3,low,consolidated,"One of ~200 {3-6} x {industry} x {kit wording} permutations sharing a single intent. Consolidated onto /gift-sets/3-piece-corporate-gift-sets, with the industry angle covered on /industries/healthcare-pharma. Building a page per permutation would create near-identical doorway pages."
3 piece pharma employee welcome kit,Joining Kits,Pharma,SEO Keywords + 3-6 Piece Keywords,employee gifting,bottom,supporting,/gift-sets/3-piece-corporate-gift-sets,collection-landing,landing page copy,gift-sets,evergreen,3,low,consolidated,"One of ~200 {3-6} x {industry} x {kit wording} permutations sharing a single intent. Consolidated onto /gift-sets/3-piece-corporate-gift-sets, with the industry angle covered on /industries/healthcare-pharma. Building a page per permutation would create near-identical doorway pages."
4 piece corporate pharma joining kit,Joining Kits,Pharma,SEO Keywords + 3-6 Piece Keywords,employee gifting,bottom,supporting,/gift-sets/4-piece-corporate-gift-sets,collection-landing,landing page copy,gift-sets,evergreen,3,low,consolidated,"One of ~200 {3-6} x {industry} x {kit wording} permutations sharing a single intent. Consolidated onto /gift-sets/4-piece-corporate-gift-sets, with the industry angle covered on /industries/healthcare-pharma. Building a page per permutation would create near-identical doorway pages."
4 piece personalized pharma employee welcome kit,Joining Kits,Pharma,SEO Keywords + 3-6 Piece Keywords,employee gifting,bottom,supporting,/gift-sets/4-piece-corporate-gift-sets,collection-landing,landing page copy,gift-sets,evergreen,3,low,consolidated,"One of ~200 {3-6} x {industry} x {kit wording} permutations sharing a single intent. Consolidated onto /gift-sets/4-piece-corporate-gift-sets, with the industry angle covered on /industries/healthcare-pharma. Building a page per permutation would create near-identical doorway pages."
4 piece pharma employee welcome kit,Joining Kits,Pharma,SEO Keywords + 3-6 Piece Keywords,employee gifting,bottom,supporting,/gift-sets/4-piece-corporate-gift-sets,collection-landing,landing page copy,gift-sets,evergreen,3,low,consolidated,"One of ~200 {3-6} x {industry} x {kit wording} permutations sharing a single intent. Consolidated onto /gift-sets/4-piece-corporate-gift-sets, with the industry angle covered on /industries/healthcare-pharma. Building a page per permutation would create near-identical doorway pages."
5 piece corporate pharma joining kit,Joining Kits,Pharma,SEO Keywords + 3-6 Piece Keywords,employee gifting,bottom,supporting,/gift-sets/5-piece-corporate-gift-sets,collection-landing,landing page copy,gift-sets,evergreen,3,low,consolidated,"One of ~200 {3-6} x {industry} x {kit wording} permutations sharing a single intent. Consolidated onto /gift-sets/5-piece-corporate-gift-sets, with the industry angle covered on /industries/healthcare-pharma. Building a page per permutation would create near-identical doorway pages."
5 piece personalized pharma employee welcome kit,Joining Kits,Pharma,SEO Keywords + 3-6 Piece Keywords,employee gifting,bottom,supporting,/gift-sets/5-piece-corporate-gift-sets,collection-landing,landing page copy,gift-sets,evergreen,3,low,consolidated,"One of ~200 {3-6} x {industry} x {kit wording} permutations sharing a single intent. Consolidated onto /gift-sets/5-piece-corporate-gift-sets, with the industry angle covered on /industries/healthcare-pharma. Building a page per permutation would create near-identical doorway pages."
5 piece pharma employee welcome kit,Joining Kits,Pharma,SEO Keywords + 3-6 Piece Keywords,employee gifting,bottom,supporting,/gift-sets/5-piece-corporate-gift-sets,collection-landing,landing page copy,gift-sets,evergreen,3,low,consolidated,"One of ~200 {3-6} x {industry} x {kit wording} permutations sharing a single intent. Consolidated onto /gift-sets/5-piece-corporate-gift-sets, with the industry angle covered on /industries/healthcare-pharma. Building a page per permutation would create near-identical doorway pages."
6 piece corporate pharma joining kit,Joining Kits,Pharma,SEO Keywords + 3-6 Piece Keywords,employee gifting,bottom,supporting,/gift-sets/6-piece-corporate-gift-sets,collection-landing,landing page copy,gift-sets,evergreen,3,low,consolidated,"One of ~200 {3-6} x {industry} x {kit wording} permutations sharing a single intent. Consolidated onto /gift-sets/6-piece-corporate-gift-sets, with the industry angle covered on /industries/healthcare-pharma. Building a page per permutation would create near-identical doorway pages."
6 piece personalized pharma employee welcome kit,Joining Kits,Pharma,SEO Keywords + 3-6 Piece Keywords,employee gifting,bottom,supporting,/gift-sets/6-piece-corporate-gift-sets,collection-landing,landing page copy,gift-sets,evergreen,3,low,consolidated,"One of ~200 {3-6} x {industry} x {kit wording} permutations sharing a single intent. Consolidated onto /gift-sets/6-piece-corporate-gift-sets, with the industry angle covered on /industries/healthcare-pharma. Building a page per permutation would create near-identical doorway pages."
6 piece pharma employee welcome kit,Joining Kits,Pharma,SEO Keywords + 3-6 Piece Keywords,employee gifting,bottom,supporting,/gift-sets/6-piece-corporate-gift-sets,collection-landing,landing page copy,gift-sets,evergreen,3,low,consolidated,"One of ~200 {3-6} x {industry} x {kit wording} permutations sharing a single intent. Consolidated onto /gift-sets/6-piece-corporate-gift-sets, with the industry angle covered on /industries/healthcare-pharma. Building a page per permutation would create near-identical doorway pages."
3 piece corporate real estate joining kit,Joining Kits,Real Estate,SEO Keywords + 3-6 Piece Keywords,employee gifting,bottom,supporting,/gift-sets/3-piece-corporate-gift-sets,collection-landing,landing page copy,gift-sets,evergreen,3,low,consolidated,"One of ~200 {3-6} x {industry} x {kit wording} permutations sharing a single intent. Consolidated onto /gift-sets/3-piece-corporate-gift-sets, with the industry angle covered on /industries/real-estate. Building a page per permutation would create near-identical doorway pages."
3 piece personalized real estate employee welcome kit,Joining Kits,Real Estate,SEO Keywords + 3-6 Piece Keywords,employee gifting,bottom,supporting,/gift-sets/3-piece-corporate-gift-sets,collection-landing,landing page copy,gift-sets,evergreen,3,low,consolidated,"One of ~200 {3-6} x {industry} x {kit wording} permutations sharing a single intent. Consolidated onto /gift-sets/3-piece-corporate-gift-sets, with the industry angle covered on /industries/real-estate. Building a page per permutation would create near-identical doorway pages."
3 piece real estate employee welcome kit,Joining Kits,Real Estate,SEO Keywords + 3-6 Piece Keywords,employee gifting,bottom,supporting,/gift-sets/3-piece-corporate-gift-sets,collection-landing,landing page copy,gift-sets,evergreen,3,low,consolidated,"One of ~200 {3-6} x {industry} x {kit wording} permutations sharing a single intent. Consolidated onto /gift-sets/3-piece-corporate-gift-sets, with the industry angle covered on /industries/real-estate. Building a page per permutation would create near-identical doorway pages."
4 piece corporate real estate joining kit,Joining Kits,Real Estate,SEO Keywords + 3-6 Piece Keywords,employee gifting,bottom,supporting,/gift-sets/4-piece-corporate-gift-sets,collection-landing,landing page copy,gift-sets,evergreen,3,low,consolidated,"One of ~200 {3-6} x {industry} x {kit wording} permutations sharing a single intent. Consolidated onto /gift-sets/4-piece-corporate-gift-sets, with the industry angle covered on /industries/real-estate. Building a page per permutation would create near-identical doorway pages."
4 piece personalized real estate employee welcome kit,Joining Kits,Real Estate,SEO Keywords + 3-6 Piece Keywords,employee gifting,bottom,supporting,/gift-sets/4-piece-corporate-gift-sets,collection-landing,landing page copy,gift-sets,evergreen,3,low,consolidated,"One of ~200 {3-6} x {industry} x {kit wording} permutations sharing a single intent. Consolidated onto /gift-sets/4-piece-corporate-gift-sets, with the industry angle covered on /industries/real-estate. Building a page per permutation would create near-identical doorway pages."
4 piece real estate employee welcome kit,Joining Kits,Real Estate,SEO Keywords + 3-6 Piece Keywords,employee gifting,bottom,supporting,/gift-sets/4-piece-corporate-gift-sets,collection-landing,landing page copy,gift-sets,evergreen,3,low,consolidated,"One of ~200 {3-6} x {industry} x {kit wording} permutations sharing a single intent. Consolidated onto /gift-sets/4-piece-corporate-gift-sets, with the industry angle covered on /industries/real-estate. Building a page per permutation would create near-identical doorway pages."
5 piece corporate real estate joining kit,Joining Kits,Real Estate,SEO Keywords + 3-6 Piece Keywords,employee gifting,bottom,supporting,/gift-sets/5-piece-corporate-gift-sets,collection-landing,landing page copy,gift-sets,evergreen,3,low,consolidated,"One of ~200 {3-6} x {industry} x {kit wording} permutations sharing a single intent. Consolidated onto /gift-sets/5-piece-corporate-gift-sets, with the industry angle covered on /industries/real-estate. Building a page per permutation would create near-identical doorway pages."
5 piece personalized real estate employee welcome kit,Joining Kits,Real Estate,SEO Keywords + 3-6 Piece Keywords,employee gifting,bottom,supporting,/gift-sets/5-piece-corporate-gift-sets,collection-landing,landing page copy,gift-sets,evergreen,3,low,consolidated,"One of ~200 {3-6} x {industry} x {kit wording} permutations sharing a single intent. Consolidated onto /gift-sets/5-piece-corporate-gift-sets, with the industry angle covered on /industries/real-estate. Building a page per permutation would create near-identical doorway pages."
5 piece real estate employee welcome kit,Joining Kits,Real Estate,SEO Keywords + 3-6 Piece Keywords,employee gifting,bottom,supporting,/gift-sets/5-piece-corporate-gift-sets,collection-landing,landing page copy,gift-sets,evergreen,3,low,consolidated,"One of ~200 {3-6} x {industry} x {kit wording} permutations sharing a single intent. Consolidated onto /gift-sets/5-piece-corporate-gift-sets, with the industry angle covered on /industries/real-estate. Building a page per permutation would create near-identical doorway pages."
6 piece corporate real estate joining kit,Joining Kits,Real Estate,SEO Keywords + 3-6 Piece Keywords,employee gifting,bottom,supporting,/gift-sets/6-piece-corporate-gift-sets,collection-landing,landing page copy,gift-sets,evergreen,3,low,consolidated,"One of ~200 {3-6} x {industry} x {kit wording} permutations sharing a single intent. Consolidated onto /gift-sets/6-piece-corporate-gift-sets, with the industry angle covered on /industries/real-estate. Building a page per permutation would create near-identical doorway pages."
6 piece personalized real estate employee welcome kit,Joining Kits,Real Estate,SEO Keywords + 3-6 Piece Keywords,employee gifting,bottom,supporting,/gift-sets/6-piece-corporate-gift-sets,collection-landing,landing page copy,gift-sets,evergreen,3,low,consolidated,"One of ~200 {3-6} x {industry} x {kit wording} permutations sharing a single intent. Consolidated onto /gift-sets/6-piece-corporate-gift-sets, with the industry angle covered on /industries/real-estate. Building a page per permutation would create near-identical doorway pages."
6 piece real estate employee welcome kit,Joining Kits,Real Estate,SEO Keywords + 3-6 Piece Keywords,employee gifting,bottom,supporting,/gift-sets/6-piece-corporate-gift-sets,collection-landing,landing page copy,gift-sets,evergreen,3,low,consolidated,"One of ~200 {3-6} x {industry} x {kit wording} permutations sharing a single intent. Consolidated onto /gift-sets/6-piece-corporate-gift-sets, with the industry angle covered on /industries/real-estate. Building a page per permutation would create near-identical doorway pages."
Recruitment / HR joining kit,Joining Kits,Recruitment / HR,SEO Keywords,employee gifting,none,none,,none,none,excluded,evergreen,4,none,not-targeted,Machine-generated concatenation of the industry label and a generic term (retains the source spreadsheet's ' / ' separator). Not a phrase anyone types into a search engine; targeting it would produce copy no reader benefits from.
Renewable Energy / ESG joining kit,Joining Kits,Renewable Energy / ESG,SEO Keywords,employee gifting,none,none,,none,none,excluded,evergreen,4,none,not-targeted,Machine-generated concatenation of the industry label and a generic term (retains the source spreadsheet's ' / ' separator). Not a phrase anyone types into a search engine; targeting it would produce copy no reader benefits from.
Software / SaaS joining kit,Joining Kits,Software / SaaS,SEO Keywords,employee gifting,none,none,,none,none,excluded,evergreen,4,none,not-targeted,Machine-generated concatenation of the industry label and a generic term (retains the source spreadsheet's ' / ' separator). Not a phrase anyone types into a search engine; targeting it would produce copy no reader benefits from.
VIP corporate gifts,Luxury Kits,All,SEO Keywords,executive gifting,bottom,supporting,/gifting/executive-leadership,use-case-landing,landing page copy,gifting,evergreen,2,low,targeted,Occasion/programme intent served by /gifting/executive-leadership.
executive luxury gift set,Luxury Kits,All,SEO Keywords,executive gifting,bottom,secondary,/gifting/executive-leadership,use-case-landing,landing page copy,gifting,evergreen,2,none,targeted,Declared secondary keyword of /gifting/executive-leadership.
high end corporate gifts,Luxury Kits,All,SEO Keywords,commercial investigation,middle,secondary,/categories/luxury-gifts,category,landing page copy,categories,evergreen,2,none,targeted,Declared secondary keyword of /categories/luxury-gifts.
luxury branded corporate gifts,Luxury Kits,All,SEO Keywords,commercial investigation,middle,supporting,/categories/luxury-gifts,category,category page copy,luxury-gifts,evergreen,2,low,targeted,Cluster-level variation supported by the category page /categories/luxury-gifts.
luxury business gifting,Luxury Kits,All,SEO Keywords,commercial investigation,middle,supporting,/categories/luxury-gifts,category,category page copy,luxury-gifts,evergreen,2,low,targeted,Cluster-level variation supported by the category page /categories/luxury-gifts.
luxury business gifts,Luxury Kits,All,SEO Keywords,commercial investigation,middle,secondary,/categories/luxury-gifts,category,landing page copy,categories,evergreen,2,none,targeted,Declared secondary keyword of /categories/luxury-gifts.
luxury client gifts,Luxury Kits,All,SEO Keywords,client gifting,bottom,supporting,/gifting/client-appreciation,use-case-landing,landing page copy,gifting,evergreen,2,low,targeted,Occasion/programme intent served by /gifting/client-appreciation.
luxury corporate gift sets,Luxury Kits,All,SEO Keywords,commercial investigation,middle,secondary,/categories/luxury-gifts,category,landing page copy,categories,evergreen,2,none,targeted,Declared secondary keyword of /categories/luxury-gifts.
luxury corporate gifting India,Luxury Kits,All,SEO Keywords,commercial investigation,middle,supporting,/categories/luxury-gifts,category,category page copy,luxury-gifts,evergreen,2,low,targeted,Cluster-level variation supported by the category page /categories/luxury-gifts.
luxury employee gifts,Luxury Kits,All,SEO Keywords,commercial investigation,middle,supporting,/categories/luxury-gifts,category,category page copy,luxury-gifts,evergreen,2,low,targeted,Cluster-level variation supported by the category page /categories/luxury-gifts.
luxury executive gifts,Luxury Kits,All,SEO Keywords,executive gifting,bottom,supporting,/gifting/executive-leadership,use-case-landing,landing page copy,gifting,evergreen,2,low,targeted,Occasion/programme intent served by /gifting/executive-leadership.
luxury gifts for CEOs,Luxury Kits,All,SEO Keywords,commercial investigation,middle,supporting,/gifting/executive-leadership,use-case-landing,landing page copy,gifting,evergreen,2,low,targeted,Occasion/programme intent served by /gifting/executive-leadership.
luxury gifts for clients,Luxury Kits,All,SEO Keywords,commercial investigation,middle,supporting,/categories/luxury-gifts,category,category page copy,luxury-gifts,evergreen,2,low,targeted,Cluster-level variation supported by the category page /categories/luxury-gifts.
luxury gifts for leadership,Luxury Kits,All,SEO Keywords,executive gifting,bottom,secondary,/categories/luxury-gifts,category,landing page copy,categories,evergreen,2,none,targeted,Declared secondary keyword of /categories/luxury-gifts.
luxury joining kits,Luxury Kits,All,SEO Keywords,employee gifting,bottom,supporting,/gifting/employee-onboarding,use-case-landing,landing page copy,gifting,evergreen,2,low,targeted,Occasion/programme intent served by /gifting/employee-onboarding.
luxury onboarding kits,Luxury Kits,All,SEO Keywords,employee gifting,bottom,supporting,/gifting/employee-onboarding,use-case-landing,landing page copy,gifting,evergreen,2,low,targeted,Occasion/programme intent served by /gifting/employee-onboarding.
luxury personalized corporate gifts,Luxury Kits,All,SEO Keywords,product-specific,bottom,supporting,/categories/luxury-gifts,category,category page copy,luxury-gifts,evergreen,2,low,targeted,Cluster-level variation supported by the category page /categories/luxury-gifts.
luxury stationery gift set,Luxury Kits,All,SEO Keywords,product-specific,bottom,supporting,/categories/luxury-gifts,category,category page copy,luxury-gifts,evergreen,2,low,targeted,Cluster-level variation supported by the category page /categories/luxury-gifts.
premium luxury corporate gifts,Luxury Kits,All,SEO Keywords,commercial investigation,middle,secondary,/categories/luxury-gifts,category,landing page copy,categories,evergreen,2,none,targeted,Declared secondary keyword of /categories/luxury-gifts.
VIP corporate gifting box India,Luxury Kits,All Industries,SEO Keywords,executive gifting,bottom,supporting,/gifting/executive-leadership,use-case-landing,landing page copy,gifting,evergreen,2,low,targeted,Occasion/programme intent served by /gifting/executive-leadership.
artisan luxury corporate hamper India,Luxury Kits,All Industries,SEO Keywords,commercial investigation,middle,supporting,/categories/luxury-gifts,category,category page copy,luxury-gifts,evergreen,2,low,targeted,Cluster-level variation supported by the category page /categories/luxury-gifts.
executive client appreciation gift box,Luxury Kits,All Industries,SEO Keywords,client gifting,bottom,supporting,/gifting/employee-appreciation,use-case-landing,landing page copy,gifting,evergreen,2,low,targeted,Occasion/programme intent served by /gifting/employee-appreciation.
executive recognition gift box India,Luxury Kits,All Industries,SEO Keywords,executive gifting,bottom,supporting,/gifting/employee-appreciation,use-case-landing,landing page copy,gifting,evergreen,2,low,targeted,Occasion/programme intent served by /gifting/employee-appreciation.
high end client relationship gift box,Luxury Kits,All Industries,SEO Keywords,client gifting,bottom,secondary,/gifting/client-appreciation,use-case-landing,landing page copy,gifting,evergreen,2,none,targeted,Declared secondary keyword of /gifting/client-appreciation.
luxury leadership gift set India,Luxury Kits,All Industries,SEO Keywords,executive gifting,bottom,supporting,/gifting/executive-leadership,use-case-landing,landing page copy,gifting,evergreen,2,low,targeted,Occasion/programme intent served by /gifting/executive-leadership.
luxury partner appreciation gift set,Luxury Kits,All Industries,SEO Keywords,product-specific,bottom,supporting,/gifting/employee-appreciation,use-case-landing,landing page copy,gifting,evergreen,2,low,targeted,Occasion/programme intent served by /gifting/employee-appreciation.
luxury personalized corporate gift box India,Luxury Kits,All Industries,SEO Keywords,product-specific,bottom,supporting,/categories/luxury-gifts,category,category page copy,luxury-gifts,evergreen,2,low,targeted,Cluster-level variation supported by the category page /categories/luxury-gifts.
premium luxury employee milestone gift,Luxury Kits,All Industries,SEO Keywords,commercial investigation,middle,supporting,/occasions/work-anniversary-milestones,seasonal-landing,landing page copy,occasions,seasonal,2,low,targeted,Seasonal intent served by the evergreen occasion page /occasions/work-anniversary-milestones.
sustainable luxury corporate gift box,Luxury Kits,All Industries,SEO Keywords,sustainability,middle,supporting,/categories/eco-gifts,category,category page copy,eco-gifts,evergreen,2,low,targeted,Cluster-level variation supported by the category page /categories/eco-gifts.
AI / Tech Startups luxury corporate gifts,Luxury Kits,AI / Tech Startups,SEO Keywords,industry-specific,none,none,,none,none,excluded,evergreen,4,none,not-targeted,Machine-generated concatenation of the industry label and a generic term (retains the source spreadsheet's ' / ' separator). Not a phrase anyone types into a search engine; targeting it would produce copy no reader benefits from.
Automotive luxury corporate gifts,Luxury Kits,Automotive,SEO Keywords,industry-specific,none,none,,none,none,excluded,evergreen,4,none,not-targeted,Machine-generated concatenation of the industry label and a generic term (retains the source spreadsheet's ' / ' separator). Not a phrase anyone types into a search engine; targeting it would produce copy no reader benefits from.
BFSI / Insurance luxury corporate gifts,Luxury Kits,BFSI / Insurance,SEO Keywords,industry-specific,none,none,,none,none,excluded,evergreen,4,none,not-targeted,Machine-generated concatenation of the industry label and a generic term (retains the source spreadsheet's ' / ' separator). Not a phrase anyone types into a search engine; targeting it would produce copy no reader benefits from.
Banking luxury corporate gifts,Luxury Kits,Banking,SEO Keywords,industry-specific,none,none,,none,none,excluded,evergreen,4,none,not-targeted,Machine-generated concatenation of the industry label and a generic term (retains the source spreadsheet's ' / ' separator). Not a phrase anyone types into a search engine; targeting it would produce copy no reader benefits from.
Coaching / EdTech luxury corporate gifts,Luxury Kits,Coaching / EdTech,SEO Keywords,industry-specific,none,none,,none,none,excluded,evergreen,4,none,not-targeted,Machine-generated concatenation of the industry label and a generic term (retains the source spreadsheet's ' / ' separator). Not a phrase anyone types into a search engine; targeting it would produce copy no reader benefits from.
Construction / Infrastructure luxury corporate gifts,Luxury Kits,Construction / Infrastructure,SEO Keywords,industry-specific,none,none,,none,none,excluded,evergreen,4,none,not-targeted,Machine-generated concatenation of the industry label and a generic term (retains the source spreadsheet's ' / ' separator). Not a phrase anyone types into a search engine; targeting it would produce copy no reader benefits from.
Consulting luxury corporate gifts,Luxury Kits,Consulting,SEO Keywords,industry-specific,none,none,,none,none,excluded,evergreen,4,none,not-targeted,Machine-generated concatenation of the industry label and a generic term (retains the source spreadsheet's ' / ' separator). Not a phrase anyone types into a search engine; targeting it would produce copy no reader benefits from.
Coworking luxury corporate gifts,Luxury Kits,Coworking,SEO Keywords,industry-specific,none,none,,none,none,excluded,evergreen,4,none,not-targeted,Machine-generated concatenation of the industry label and a generic term (retains the source spreadsheet's ' / ' separator). Not a phrase anyone types into a search engine; targeting it would produce copy no reader benefits from.
E-commerce luxury corporate gifts,Luxury Kits,E-commerce,SEO Keywords,industry-specific,none,none,,none,none,excluded,evergreen,4,none,not-targeted,Machine-generated concatenation of the industry label and a generic term (retains the source spreadsheet's ' / ' separator). Not a phrase anyone types into a search engine; targeting it would produce copy no reader benefits from.
Education luxury corporate gifts,Luxury Kits,Education,SEO Keywords,industry-specific,none,none,,none,none,excluded,evergreen,4,none,not-targeted,Machine-generated concatenation of the industry label and a generic term (retains the source spreadsheet's ' / ' separator). Not a phrase anyone types into a search engine; targeting it would produce copy no reader benefits from.
Events / Conferences luxury corporate gifts,Luxury Kits,Events / Conferences,SEO Keywords,event gifting,none,none,,none,none,excluded,evergreen,4,none,not-targeted,Machine-generated concatenation of the industry label and a generic term (retains the source spreadsheet's ' / ' separator). Not a phrase anyone types into a search engine; targeting it would produce copy no reader benefits from.
Finance / Investment luxury corporate gifts,Luxury Kits,Finance / Investment,SEO Keywords,industry-specific,none,none,,none,none,excluded,evergreen,4,none,not-targeted,Machine-generated concatenation of the industry label and a generic term (retains the source spreadsheet's ' / ' separator). Not a phrase anyone types into a search engine; targeting it would produce copy no reader benefits from.
Fintech luxury corporate gifts,Luxury Kits,Fintech,SEO Keywords,industry-specific,none,none,,none,none,excluded,evergreen,4,none,not-targeted,Machine-generated concatenation of the industry label and a generic term (retains the source spreadsheet's ' / ' separator). Not a phrase anyone types into a search engine; targeting it would produce copy no reader benefits from.
Government / PSU luxury corporate gifts,Luxury Kits,Government / PSU,SEO Keywords,industry-specific,none,none,,none,none,excluded,evergreen,4,none,not-targeted,Machine-generated concatenation of the industry label and a generic term (retains the source spreadsheet's ' / ' separator). Not a phrase anyone types into a search engine; targeting it would produce copy no reader benefits from.
Healthcare luxury corporate gifts,Luxury Kits,Healthcare,SEO Keywords,industry-specific,none,none,,none,none,excluded,evergreen,4,none,not-targeted,Machine-generated concatenation of the industry label and a generic term (retains the source spreadsheet's ' / ' separator). Not a phrase anyone types into a search engine; targeting it would produce copy no reader benefits from.
Hospitality / Travel luxury corporate gifts,Luxury Kits,Hospitality / Travel,SEO Keywords,industry-specific,none,none,,none,none,excluded,evergreen,4,none,not-targeted,Machine-generated concatenation of the industry label and a generic term (retains the source spreadsheet's ' / ' separator). Not a phrase anyone types into a search engine; targeting it would produce copy no reader benefits from.
IT luxury corporate gifts,Luxury Kits,IT,SEO Keywords,industry-specific,none,none,,none,none,excluded,evergreen,4,none,not-targeted,Machine-generated concatenation of the industry label and a generic term (retains the source spreadsheet's ' / ' separator). Not a phrase anyone types into a search engine; targeting it would produce copy no reader benefits from.
Legal luxury corporate gifts,Luxury Kits,Legal,SEO Keywords,industry-specific,none,none,,none,none,excluded,evergreen,4,none,not-targeted,Machine-generated concatenation of the industry label and a generic term (retains the source spreadsheet's ' / ' separator). Not a phrase anyone types into a search engine; targeting it would produce copy no reader benefits from.
Logistics luxury corporate gifts,Luxury Kits,Logistics,SEO Keywords,industry-specific,none,none,,none,none,excluded,evergreen,4,none,not-targeted,Machine-generated concatenation of the industry label and a generic term (retains the source spreadsheet's ' / ' separator). Not a phrase anyone types into a search engine; targeting it would produce copy no reader benefits from.
Manufacturing luxury corporate gifts,Luxury Kits,Manufacturing,SEO Keywords,industry-specific,none,none,,none,none,excluded,evergreen,4,none,not-targeted,Machine-generated concatenation of the industry label and a generic term (retains the source spreadsheet's ' / ' separator). Not a phrase anyone types into a search engine; targeting it would produce copy no reader benefits from.
Media / Marketing luxury corporate gifts,Luxury Kits,Media / Marketing,SEO Keywords,industry-specific,none,none,,none,none,excluded,evergreen,4,none,not-targeted,Machine-generated concatenation of the industry label and a generic term (retains the source spreadsheet's ' / ' separator). Not a phrase anyone types into a search engine; targeting it would produce copy no reader benefits from.
Pharma luxury corporate gifts,Luxury Kits,Pharma,SEO Keywords,industry-specific,none,none,,none,none,excluded,evergreen,4,none,not-targeted,Machine-generated concatenation of the industry label and a generic term (retains the source spreadsheet's ' / ' separator). Not a phrase anyone types into a search engine; targeting it would produce copy no reader benefits from.
Real Estate luxury corporate gifts,Luxury Kits,Real Estate,SEO Keywords,industry-specific,none,none,,none,none,excluded,evergreen,4,none,not-targeted,Machine-generated concatenation of the industry label and a generic term (retains the source spreadsheet's ' / ' separator). Not a phrase anyone types into a search engine; targeting it would produce copy no reader benefits from.
Recruitment / HR luxury corporate gifts,Luxury Kits,Recruitment / HR,SEO Keywords,industry-specific,none,none,,none,none,excluded,evergreen,4,none,not-targeted,Machine-generated concatenation of the industry label and a generic term (retains the source spreadsheet's ' / ' separator). Not a phrase anyone types into a search engine; targeting it would produce copy no reader benefits from.
Renewable Energy / ESG luxury corporate gifts,Luxury Kits,Renewable Energy / ESG,SEO Keywords,sustainability,none,none,,none,none,excluded,evergreen,4,none,not-targeted,Machine-generated concatenation of the industry label and a generic term (retains the source spreadsheet's ' / ' separator). Not a phrase anyone types into a search engine; targeting it would produce copy no reader benefits from.
Software / SaaS luxury corporate gifts,Luxury Kits,Software / SaaS,SEO Keywords,industry-specific,none,none,,none,none,excluded,evergreen,4,none,not-targeted,Machine-generated concatenation of the industry label and a generic term (retains the source spreadsheet's ' / ' separator). Not a phrase anyone types into a search engine; targeting it would produce copy no reader benefits from.
Telecom luxury corporate gifts,Luxury Kits,Telecom,SEO Keywords,industry-specific,none,none,,none,none,excluded,evergreen,4,none,not-targeted,Machine-generated concatenation of the industry label and a generic term (retains the source spreadsheet's ' / ' separator). Not a phrase anyone types into a search engine; targeting it would produce copy no reader benefits from.
executive stationery gift set,Premium Kits,All,SEO Keywords,executive gifting,bottom,supporting,/gifting/executive-leadership,use-case-landing,landing page copy,gifting,evergreen,2,low,targeted,Occasion/programme intent served by /gifting/executive-leadership.
premium branded gift sets,Premium Kits,All,SEO Keywords,commercial investigation,middle,secondary,/categories/premium-gifts,category,landing page copy,categories,evergreen,2,none,targeted,Declared secondary keyword of /categories/premium-gifts.
premium business gifts,Premium Kits,All,SEO Keywords,commercial investigation,middle,supporting,/categories/premium-gifts,category,category page copy,premium-gifts,evergreen,2,low,targeted,Cluster-level variation supported by the category page /categories/premium-gifts.
premium client gifts,Premium Kits,All,SEO Keywords,client gifting,bottom,secondary,/categories/premium-gifts,category,landing page copy,categories,evergreen,2,none,targeted,Declared secondary keyword of /categories/premium-gifts.
premium corporate gift sets,Premium Kits,All,SEO Keywords,commercial investigation,bottom,primary,/categories/premium-gifts,category,landing page copy,categories,evergreen,1,none,targeted,Declared primary keyword of /categories/premium-gifts.
premium corporate gifting India,Premium Kits,All,SEO Keywords,commercial investigation,middle,supporting,/categories/premium-gifts,category,category page copy,premium-gifts,evergreen,2,low,targeted,Cluster-level variation supported by the category page /categories/premium-gifts.
premium corporate gifts for events,Premium Kits,All,SEO Keywords,event gifting,bottom,secondary,/categories/premium-gifts,category,landing page copy,categories,evergreen,2,none,targeted,Declared secondary keyword of /categories/premium-gifts.
premium customized corporate gifts,Premium Kits,All,SEO Keywords,product-specific,bottom,supporting,/categories/premium-gifts,category,category page copy,premium-gifts,evergreen,2,low,targeted,Cluster-level variation supported by the category page /categories/premium-gifts.
premium employee gifts,Premium Kits,All,SEO Keywords,commercial investigation,middle,supporting,/categories/premium-gifts,category,category page copy,premium-gifts,evergreen,2,low,targeted,Cluster-level variation supported by the category page /categories/premium-gifts.
premium employee welcome kits,Premium Kits,All,SEO Keywords,employee gifting,bottom,supporting,/gifting/employee-onboarding,use-case-landing,landing page copy,gifting,evergreen,2,low,targeted,Occasion/programme intent served by /gifting/employee-onboarding.
premium executive gifts,Premium Kits,All,SEO Keywords,executive gifting,bottom,supporting,/gifting/executive-leadership,use-case-landing,landing page copy,gifting,evergreen,2,low,targeted,Occasion/programme intent served by /gifting/executive-leadership.
premium gifts for clients,Premium Kits,All,SEO Keywords,commercial investigation,middle,secondary,/categories/premium-gifts,category,landing page copy,categories,evergreen,2,none,targeted,Declared secondary keyword of /categories/premium-gifts.
premium gifts for employees,Premium Kits,All,SEO Keywords,commercial investigation,middle,secondary,/categories/premium-gifts,category,landing page copy,categories,evergreen,2,none,targeted,Declared secondary keyword of /categories/premium-gifts.
premium gifts for leadership,Premium Kits,All,SEO Keywords,executive gifting,bottom,secondary,/gifting/executive-leadership,use-case-landing,landing page copy,gifting,evergreen,2,none,targeted,Declared secondary keyword of /gifting/executive-leadership.
premium joining kits,Premium Kits,All,SEO Keywords,employee gifting,bottom,supporting,/gifting/employee-onboarding,use-case-landing,landing page copy,gifting,evergreen,2,low,targeted,Occasion/programme intent served by /gifting/employee-onboarding.
premium notebook pen gift set,Premium Kits,All,SEO Keywords,product-specific,bottom,secondary,/categories/premium-gifts,category,landing page copy,categories,evergreen,2,none,targeted,Declared secondary keyword of /categories/premium-gifts.
premium onboarding kits,Premium Kits,All,SEO Keywords,employee gifting,bottom,supporting,/gifting/employee-onboarding,use-case-landing,landing page copy,gifting,evergreen,2,low,targeted,Occasion/programme intent served by /gifting/employee-onboarding.
premium stationery gift set,Premium Kits,All,SEO Keywords,product-specific,bottom,primary,/products/green-gold-corporate-stationery-set,product,landing page copy,products,evergreen,1,none,targeted,Declared primary keyword of /products/green-gold-corporate-stationery-set.
corporate event swag kit India,Premium Kits,Events / Conferences,SEO Keywords,event gifting,bottom,secondary,/guides/conference-giveaway-guide,guide,buying guide,guides,evergreen,2,none,targeted,Declared secondary keyword of /guides/conference-giveaway-guide.
curated conference merchandise kit,Premium Kits,Events / Conferences,SEO Keywords,event gifting,bottom,secondary,/guides/conference-giveaway-guide,guide,buying guide,guides,evergreen,2,none,targeted,Declared secondary keyword of /guides/conference-giveaway-guide.
executive event welcome gift box,Premium Kits,Events / Conferences,SEO Keywords,event gifting,bottom,supporting,/industries,hub,hub page copy,industries,evergreen,4,low,consolidated,"Events / Conferences has too few genuinely distinct keywords to fill a non-duplicative page, so it is covered in the 'Sectors covered without a dedicated page' section of /industries and routed to the matching use-case page. A page per industry tag here would be doorway-page behaviour."
premium conference delegate kit India,Premium Kits,Events / Conferences,SEO Keywords,event gifting,bottom,supporting,/industries,hub,hub page copy,industries,evergreen,4,low,consolidated,"Events / Conferences has too few genuinely distinct keywords to fill a non-duplicative page, so it is covered in the 'Sectors covered without a dedicated page' section of /industries and routed to the matching use-case page. A page per industry tag here would be doorway-page behaviour."
premium speaker appreciation gift set,Premium Kits,Events / Conferences,SEO Keywords,industry-specific,middle,supporting,/industries,hub,hub page copy,industries,evergreen,4,low,consolidated,"Events / Conferences has too few genuinely distinct keywords to fill a non-duplicative page, so it is covered in the 'Sectors covered without a dedicated page' section of /industries and routed to the matching use-case page. A page per industry tag here would be doorway-page behaviour."
tech conference attendee gift kit,Premium Kits,Events / Conferences,SEO Keywords,event gifting,bottom,supporting,/industries,hub,hub page copy,industries,evergreen,4,low,consolidated,"Events / Conferences has too few genuinely distinct keywords to fill a non-duplicative page, so it is covered in the 'Sectors covered without a dedicated page' section of /industries and routed to the matching use-case page. A page per industry tag here would be doorway-page behaviour."
curated employee wellness gift box,Premium Kits,HR / Employee Experience,SEO Keywords,industry-specific,none,none,,none,none,excluded,evergreen,4,none,not-targeted,"Describes a product type (""wellness gift box"") that is not in the catalog, which is stationery, pens, journals, folios and planners. Ranking for it would mean publishing specifications for goods we do not sell. Revisit if the range expands."
employee milestone gift box India,Premium Kits,HR / Employee Experience,SEO Keywords,industry-specific,middle,supporting,/industries,hub,hub page copy,industries,evergreen,4,low,consolidated,"HR / Employee Experience has too few genuinely distinct keywords to fill a non-duplicative page, so it is covered in the 'Sectors covered without a dedicated page' section of /industries and routed to the matching use-case page. A page per industry tag here would be doorway-page behaviour."
employee recognition gift box India,Premium Kits,HR / Employee Experience,SEO Keywords,industry-specific,middle,supporting,/industries,hub,hub page copy,industries,evergreen,4,low,consolidated,"HR / Employee Experience has too few genuinely distinct keywords to fill a non-duplicative page, so it is covered in the 'Sectors covered without a dedicated page' section of /industries and routed to the matching use-case page. A page per industry tag here would be doorway-page behaviour."
employee reward gift box for corporates,Premium Kits,HR / Employee Experience,SEO Keywords,industry-specific,middle,secondary,/gifting/employee-appreciation,use-case-landing,landing page copy,gifting,evergreen,2,none,targeted,Declared secondary keyword of /gifting/employee-appreciation.
personalized employee appreciation box,Premium Kits,HR / Employee Experience,SEO Keywords,industry-specific,middle,supporting,/industries,hub,hub page copy,industries,evergreen,4,low,consolidated,"HR / Employee Experience has too few genuinely distinct keywords to fill a non-duplicative page, so it is covered in the 'Sectors covered without a dedicated page' section of /industries and routed to the matching use-case page. A page per industry tag here would be doorway-page behaviour."
premium remote work gift kit India,Premium Kits,HR / Employee Experience,SEO Keywords,industry-specific,middle,supporting,/industries,hub,hub page copy,industries,evergreen,4,low,consolidated,"HR / Employee Experience has too few genuinely distinct keywords to fill a non-duplicative page, so it is covered in the 'Sectors covered without a dedicated page' section of /industries and routed to the matching use-case page. A page per industry tag here would be doorway-page behaviour."
work anniversary premium gift set,Premium Kits,HR / Employee Experience,SEO Keywords,industry-specific,middle,supporting,/industries,hub,hub page copy,industries,evergreen,4,low,consolidated,"HR / Employee Experience has too few genuinely distinct keywords to fill a non-duplicative page, so it is covered in the 'Sectors covered without a dedicated page' section of /industries and routed to the matching use-case page. A page per industry tag here would be doorway-page behaviour."
executive tech accessories gift box,Premium Kits,Technology / SaaS / AI,SEO Keywords,executive gifting,none,none,,none,none,excluded,evergreen,4,none,not-targeted,"Describes a product type (""tech accessories"") that is not in the catalog, which is stationery, pens, journals, folios and planners. Ranking for it would mean publishing specifications for goods we do not sell. Revisit if the range expands."
personalized tech gift box for clients,Premium Kits,Technology / SaaS / AI,SEO Keywords,industry-specific,middle,supporting,/industries/it-software-saas,industry-landing,landing page copy,industries,evergreen,3,low,targeted,Industry-tagged term supported by the Technology / SaaS / AI content on /industries/it-software-saas.
premium desk setup gift box India,Premium Kits,Technology / SaaS / AI,SEO Keywords,industry-specific,none,none,,none,none,excluded,evergreen,4,none,not-targeted,"Describes a product type (""desk setup"") that is not in the catalog, which is stationery, pens, journals, folios and planners. Ranking for it would mean publishing specifications for goods we do not sell. Revisit if the range expands."
premium gadget gift set for corporate employees,Premium Kits,Technology / SaaS / AI,SEO Keywords,industry-specific,none,none,,none,none,excluded,evergreen,4,none,not-targeted,"Describes a product type (""gadget"") that is not in the catalog, which is stationery, pens, journals, folios and planners. Ranking for it would mean publishing specifications for goods we do not sell. Revisit if the range expands."
premium hybrid work gift set,Premium Kits,Technology / SaaS / AI,SEO Keywords,industry-specific,middle,supporting,/industries/it-software-saas,industry-landing,landing page copy,industries,evergreen,3,low,targeted,Industry-tagged term supported by the Technology / SaaS / AI content on /industries/it-software-saas.
premium tech gift bundle for employees,Premium Kits,Technology / SaaS / AI,SEO Keywords,industry-specific,middle,supporting,/industries/it-software-saas,industry-landing,landing page copy,industries,evergreen,3,low,targeted,Industry-tagged term supported by the Technology / SaaS / AI content on /industries/it-software-saas.
premium wireless charging corporate gift set,Premium Kits,Technology / SaaS / AI,SEO Keywords,industry-specific,none,none,,none,none,excluded,evergreen,4,none,not-targeted,"Describes a product type (""wireless charging"") that is not in the catalog, which is stationery, pens, journals, folios and planners. Ranking for it would mean publishing specifications for goods we do not sell. Revisit if the range expands."
tech startup client gift box India,Premium Kits,Technology / SaaS / AI,SEO Keywords,client gifting,bottom,supporting,/industries/it-software-saas,industry-landing,landing page copy,industries,evergreen,3,low,targeted,Industry-tagged term supported by the Technology / SaaS / AI content on /industries/it-software-saas.
AI / Tech Startups premium corporate gifts,Premium Kits,AI / Tech Startups,SEO Keywords,industry-specific,none,none,,none,none,excluded,evergreen,4,none,not-targeted,Machine-generated concatenation of the industry label and a generic term (retains the source spreadsheet's ' / ' separator). Not a phrase anyone types into a search engine; targeting it would produce copy no reader benefits from.
Automotive premium corporate gifts,Premium Kits,Automotive,SEO Keywords,industry-specific,none,none,,none,none,excluded,evergreen,4,none,not-targeted,Machine-generated concatenation of the industry label and a generic term (retains the source spreadsheet's ' / ' separator). Not a phrase anyone types into a search engine; targeting it would produce copy no reader benefits from.
BFSI / Insurance premium corporate gifts,Premium Kits,BFSI / Insurance,SEO Keywords,industry-specific,none,none,,none,none,excluded,evergreen,4,none,not-targeted,Machine-generated concatenation of the industry label and a generic term (retains the source spreadsheet's ' / ' separator). Not a phrase anyone types into a search engine; targeting it would produce copy no reader benefits from.
Banking premium corporate gifts,Premium Kits,Banking,SEO Keywords,industry-specific,none,none,,none,none,excluded,evergreen,4,none,not-targeted,Machine-generated concatenation of the industry label and a generic term (retains the source spreadsheet's ' / ' separator). Not a phrase anyone types into a search engine; targeting it would produce copy no reader benefits from.
Coaching / EdTech premium corporate gifts,Premium Kits,Coaching / EdTech,SEO Keywords,industry-specific,none,none,,none,none,excluded,evergreen,4,none,not-targeted,Machine-generated concatenation of the industry label and a generic term (retains the source spreadsheet's ' / ' separator). Not a phrase anyone types into a search engine; targeting it would produce copy no reader benefits from.
Construction / Infrastructure premium corporate gifts,Premium Kits,Construction / Infrastructure,SEO Keywords,industry-specific,none,none,,none,none,excluded,evergreen,4,none,not-targeted,Machine-generated concatenation of the industry label and a generic term (retains the source spreadsheet's ' / ' separator). Not a phrase anyone types into a search engine; targeting it would produce copy no reader benefits from.
Consulting premium corporate gifts,Premium Kits,Consulting,SEO Keywords,industry-specific,none,none,,none,none,excluded,evergreen,4,none,not-targeted,Machine-generated concatenation of the industry label and a generic term (retains the source spreadsheet's ' / ' separator). Not a phrase anyone types into a search engine; targeting it would produce copy no reader benefits from.
Coworking premium corporate gifts,Premium Kits,Coworking,SEO Keywords,industry-specific,none,none,,none,none,excluded,evergreen,4,none,not-targeted,Machine-generated concatenation of the industry label and a generic term (retains the source spreadsheet's ' / ' separator). Not a phrase anyone types into a search engine; targeting it would produce copy no reader benefits from.
E-commerce premium corporate gifts,Premium Kits,E-commerce,SEO Keywords,industry-specific,none,none,,none,none,excluded,evergreen,4,none,not-targeted,Machine-generated concatenation of the industry label and a generic term (retains the source spreadsheet's ' / ' separator). Not a phrase anyone types into a search engine; targeting it would produce copy no reader benefits from.
Education premium corporate gifts,Premium Kits,Education,SEO Keywords,industry-specific,none,none,,none,none,excluded,evergreen,4,none,not-targeted,Machine-generated concatenation of the industry label and a generic term (retains the source spreadsheet's ' / ' separator). Not a phrase anyone types into a search engine; targeting it would produce copy no reader benefits from.
Events / Conferences premium corporate gifts,Premium Kits,Events / Conferences,SEO Keywords,event gifting,none,none,,none,none,excluded,evergreen,4,none,not-targeted,Machine-generated concatenation of the industry label and a generic term (retains the source spreadsheet's ' / ' separator). Not a phrase anyone types into a search engine; targeting it would produce copy no reader benefits from.
Finance / Investment premium corporate gifts,Premium Kits,Finance / Investment,SEO Keywords,industry-specific,none,none,,none,none,excluded,evergreen,4,none,not-targeted,Machine-generated concatenation of the industry label and a generic term (retains the source spreadsheet's ' / ' separator). Not a phrase anyone types into a search engine; targeting it would produce copy no reader benefits from.
Fintech premium corporate gifts,Premium Kits,Fintech,SEO Keywords,industry-specific,none,none,,none,none,excluded,evergreen,4,none,not-targeted,Machine-generated concatenation of the industry label and a generic term (retains the source spreadsheet's ' / ' separator). Not a phrase anyone types into a search engine; targeting it would produce copy no reader benefits from.
Government / PSU premium corporate gifts,Premium Kits,Government / PSU,SEO Keywords,industry-specific,none,none,,none,none,excluded,evergreen,4,none,not-targeted,Machine-generated concatenation of the industry label and a generic term (retains the source spreadsheet's ' / ' separator). Not a phrase anyone types into a search engine; targeting it would produce copy no reader benefits from.
Healthcare premium corporate gifts,Premium Kits,Healthcare,SEO Keywords,industry-specific,none,none,,none,none,excluded,evergreen,4,none,not-targeted,Machine-generated concatenation of the industry label and a generic term (retains the source spreadsheet's ' / ' separator). Not a phrase anyone types into a search engine; targeting it would produce copy no reader benefits from.
Hospitality / Travel premium corporate gifts,Premium Kits,Hospitality / Travel,SEO Keywords,industry-specific,none,none,,none,none,excluded,evergreen,4,none,not-targeted,Machine-generated concatenation of the industry label and a generic term (retains the source spreadsheet's ' / ' separator). Not a phrase anyone types into a search engine; targeting it would produce copy no reader benefits from.
IT premium corporate gifts,Premium Kits,IT,SEO Keywords,industry-specific,none,none,,none,none,excluded,evergreen,4,none,not-targeted,Machine-generated concatenation of the industry label and a generic term (retains the source spreadsheet's ' / ' separator). Not a phrase anyone types into a search engine; targeting it would produce copy no reader benefits from.
Legal premium corporate gifts,Premium Kits,Legal,SEO Keywords,industry-specific,none,none,,none,none,excluded,evergreen,4,none,not-targeted,Machine-generated concatenation of the industry label and a generic term (retains the source spreadsheet's ' / ' separator). Not a phrase anyone types into a search engine; targeting it would produce copy no reader benefits from.
Logistics premium corporate gifts,Premium Kits,Logistics,SEO Keywords,industry-specific,none,none,,none,none,excluded,evergreen,4,none,not-targeted,Machine-generated concatenation of the industry label and a generic term (retains the source spreadsheet's ' / ' separator). Not a phrase anyone types into a search engine; targeting it would produce copy no reader benefits from.
Manufacturing premium corporate gifts,Premium Kits,Manufacturing,SEO Keywords,industry-specific,none,none,,none,none,excluded,evergreen,4,none,not-targeted,Machine-generated concatenation of the industry label and a generic term (retains the source spreadsheet's ' / ' separator). Not a phrase anyone types into a search engine; targeting it would produce copy no reader benefits from.
Media / Marketing premium corporate gifts,Premium Kits,Media / Marketing,SEO Keywords,industry-specific,none,none,,none,none,excluded,evergreen,4,none,not-targeted,Machine-generated concatenation of the industry label and a generic term (retains the source spreadsheet's ' / ' separator). Not a phrase anyone types into a search engine; targeting it would produce copy no reader benefits from.
Pharma premium corporate gifts,Premium Kits,Pharma,SEO Keywords,industry-specific,none,none,,none,none,excluded,evergreen,4,none,not-targeted,Machine-generated concatenation of the industry label and a generic term (retains the source spreadsheet's ' / ' separator). Not a phrase anyone types into a search engine; targeting it would produce copy no reader benefits from.
Real Estate premium corporate gifts,Premium Kits,Real Estate,SEO Keywords,industry-specific,none,none,,none,none,excluded,evergreen,4,none,not-targeted,Machine-generated concatenation of the industry label and a generic term (retains the source spreadsheet's ' / ' separator). Not a phrase anyone types into a search engine; targeting it would produce copy no reader benefits from.
Recruitment / HR premium corporate gifts,Premium Kits,Recruitment / HR,SEO Keywords,industry-specific,none,none,,none,none,excluded,evergreen,4,none,not-targeted,Machine-generated concatenation of the industry label and a generic term (retains the source spreadsheet's ' / ' separator). Not a phrase anyone types into a search engine; targeting it would produce copy no reader benefits from.
Renewable Energy / ESG premium corporate gifts,Premium Kits,Renewable Energy / ESG,SEO Keywords,sustainability,none,none,,none,none,excluded,evergreen,4,none,not-targeted,Machine-generated concatenation of the industry label and a generic term (retains the source spreadsheet's ' / ' separator). Not a phrase anyone types into a search engine; targeting it would produce copy no reader benefits from.
Software / SaaS premium corporate gifts,Premium Kits,Software / SaaS,SEO Keywords,industry-specific,none,none,,none,none,excluded,evergreen,4,none,not-targeted,Machine-generated concatenation of the industry label and a generic term (retains the source spreadsheet's ' / ' separator). Not a phrase anyone types into a search engine; targeting it would produce copy no reader benefits from.
Telecom premium corporate gifts,Premium Kits,Telecom,SEO Keywords,industry-specific,none,none,,none,none,excluded,evergreen,4,none,not-targeted,Machine-generated concatenation of the industry label and a generic term (retains the source spreadsheet's ' / ' separator). Not a phrase anyone types into a search engine; targeting it would produce copy no reader benefits from.
